distance,baseline,candidate,grade,curvature
1023.7588430595824,-20.21051487701228,-20.21051487701228,0.12804947603333972,0.006078681258871605
1025.7588430595824,-19.95082230455664,-19.95082230455664,0.13811991181580519,0.00440634038489838
1027.7588430595824,-19.64848659190617,-19.64848659190617,0.1292496860729453,-0.005490536510842993
1029.7588430595824,-19.362078415637992,-19.362078415637992,0.11530431125165652,-0.01562813089270186
1031.7588430595824,-19.176517388428717,-19.176517388428717,0.1113802469368319,-0.0032454476607486414
1033.7588430595824,-19.02838781454339,-19.02838781454339,0.14529819111990472,0.029983285515145407
1035.7588430595824,-18.757444616411515,-18.757444616411515,0.21026965478670645,0.04943614910214683
1037.7588430595824,-18.199692886678754,-18.199692886678754,0.26287414442431833,0.025194120683154606
1039.7588430595824,-17.494360150135066,-17.494360150135066,0.2711746075755994,-0.020046850447096858
1041.7588430595824,-16.925394659148843,-16.925394659148843,0.22816613802956187,-0.04189076074704858
1043.7588430595824,-16.58804775580672,-16.58804775580672,0.15608546170364068,-0.0339964167591368
1045.7588430595824,-16.37436378244226,-16.37436378244226,0.11029374538843761,-0.013485175203474394
1047.7588430595824,-16.24567645650594,-16.24567645650594,0.10202503074232916,0.008089468627310997
1049.7588430595824,-16.043044696041342,-16.043044696041342,0.10355501376592757,0.01019814029323779
1051.7588430595824,-15.771847509868087,-15.771847509868087,0.10865715180409641,-0.004814528060918324
1053.7588430595824,-15.545923672314839,-15.545923672314839,0.08717746265300086,-0.018341904628391657
1055.7588430595824,-15.376419242073169,-15.376419242073169,0.04348991936137914,-0.02760521912064595
1057.7588430595824,-15.345624994817335,-15.345624994817335,0.010761079724357137,-0.019653380909246704
1059.7588430595824,-15.423928154977053,-15.423928154977053,0.005607857818985096,0.00874213063454069
1061.7588430595824,-15.459835034519982,-15.459835034519982,0.032111442331645534,0.030285121540227194
1063.7588430595824,-15.331556379521288,-15.331556379521288,0.07859080575067767,0.02749381409840651
1065.7588430595824,-15.08873345616417,-15.08873345616417,0.13306658716835984,0.01962213075855808
1067.7588430595824,-14.795201708971632,-14.795201708971632,0.14839913429282214,0.006925214672082473
1069.7588430595824,-14.395302337173103,-14.395302337173103,0.13090365869465037,-0.0206929052057566
1071.7588430595824,-14.144363305178711,-14.144363305178711,0.11034743959656756,-0.025710063960657684
1073.7588430595824,-14.041504186606968,-14.041504186606968,0.06231778342474348,-0.012990132798239643
1075.7588430595824,-13.912422192199092,-13.912422192199092,0.011448847009839058,-0.023263641506626055
1077.7588430595824,-13.896760069775155,-13.896760069775155,-0.01576951975511931,-0.025968087350925026
1079.7588430595824,-14.052772529099999,-14.052772529099999,-0.03718269167431898,-0.001045385025777034
1081.7588430595824,-14.167660344647922,-14.167660344647922,-0.055617733365751265,0.006025686888095838
1083.7588430595824,-14.209883725593643,-14.209883725593643,-0.027213411136617793,0.006025499300580267
1085.7588430595824,-14.341701936701165,-14.341701936701165,0.02093609359738502,0.03220207126691868
1087.7588430595824,-14.27047981819294,-14.27047981819294,0.053302866040593866,0.03408059701726988
1089.7588430595824,-14.000171595868842,-14.000171595868842,0.059095312954673185,-0.013075084051936395
1091.7588430595824,-13.783460797268893,-13.783460797268893,0.0392157769926158,-0.041174470693523105
1093.7588430595824,-13.86893943306378,-13.86893943306378,0.014921597169996303,-0.008940235729734748
1095.7588430595824,-13.956753602252014,-13.956753602252014,-0.027231689493873112,0.008036814489358377
1097.7588430595824,-13.880798818508872,-13.880798818508872,-0.024406329500872292,-0.01071116967842707
1099.7588430595824,-14.001314313219877,-14.001314313219877,-0.002042586792155854,0.00454876700759413
1101.7588430595824,-14.064190069070758,-14.064190069070758,-0.0014359787708346783,0.022205848250927574
1103.7588430595824,-13.973094296589261,-13.973094296589261,0.018646023667533873,0.00579248864411643
1105.7588430595824,-13.89228664867555,-13.89228664867555,0.01972727283125142,-0.011617508777200858
1107.7588430595824,-13.852146123879606,-13.852146123879606,0.004262460350005437,-0.012986937481006848
1109.7588430595824,-13.906371886420747,-13.906371886420747,-0.014113785206277152,-0.005294655771537369
1111.7588430595824,-13.938994613789218,-13.938994613789218,-0.02424784178379169,-0.0012667423024106947
1113.7588430595824,-14.005196930325766,-14.005196930325766,-0.025367305233249704,-0.0003302033483587754
1115.7588430595824,-14.04612885814994,-14.04612885814994,-0.026218438396009347,0.0002822702454663489
1117.7588430595824,-14.109310328286744,-14.109310328286744,-0.0303282907701945,-0.002147007715548113
1119.7588430595824,-14.148742120957293,-14.148742120957293,-0.030108305985299566,-0.002224469700001599
1121.7588430595824,-14.247823256487322,-14.247823256487322,-0.012228693058278006,0.011197257729468937
1123.7588430595824,-14.286995306032336,-14.286995306032336,0.003470189524779288,0.01901639939637129
1125.7588430595824,-14.207139872752968,-14.207139872752968,0.021626494131877783,0.005723808047056985
1127.7588430595824,-14.120980604759058,-14.120980604759058,0.03417732797055639,-0.003656764659256246
1129.7588430595824,-14.0748113034323,-14.0748113034323,0.030081188975644935,-0.0014984423561048587
1131.7588430595824,-14.013576682267885,-14.013576682267885,0.028742986877293042,0.0009448320128274795
1133.7588430595824,-13.966490360947809,-13.966490360947809,0.0288554931764593,0.0008865213182368441
1135.7588430595824,-13.891036709740714,-13.891036709740714,0.016093881697764933,-0.007267731878319086
1137.7588430595824,-13.843967358020626,-13.843967358020626,0.022116565662011256,-0.0042539709564118535
1139.7588430595824,-13.884825628685766,-13.884825628685766,0.0014224374907390036,-6.51661887200028e-05
1141.7588430595824,-13.789557835651719,-13.789557835651719,-0.01864153648361211,-0.016113558449559487
1143.7588430595824,-13.879657209814802,-13.879657209814802,-0.03250906246187979,-0.016873827142103927
1145.7588430595824,-13.993099649889523,-13.993099649889523,-0.043293479372146004,0.0037853396711707873
1147.7588430595824,-14.144898128380804,-14.144898128380804,-0.02413143503104065,0.021070989343658433
1149.7588430595824,-14.135905670628887,-14.135905670628887,-0.01983423697029263,0.007928954807113647
1151.7588430595824,-14.072708690063127,-14.072708690063127,-0.022138633145384334,-0.020078233465979176
1153.7588430595824,-14.151773545651864,-14.151773545651864,-0.01922509459650934,-0.007624835272380157
1155.7588430595824,-14.322007193543879,-14.322007193543879,-0.012114101761450113,0.025099736717099225
1157.7588430595824,-14.289706427400962,-14.289706427400962,0.00280818863565524,0.01864548398074202
1159.7588430595824,-14.169621504154728,-14.169621504154728,0.037096385397772824,-0.0004989881028898093
1161.7588430595824,-14.129308036566622,-14.129308036566622,0.04664832928920282,0.003263706931370946
1163.7588430595824,-14.025236110361696,-14.025236110361696,0.05319580737085694,0.008513566450064193
1165.7588430595824,-13.916519793087339,-13.916519793087339,0.04266506031996564,-0.005251654313765275
1167.7588430595824,-13.744055045187872,-13.744055045187872,0.019882353977616285,-0.0251915170694448
1169.7588430595824,-13.787987554006897,-13.787987554006897,0.01409025253841989,-0.009018717682940408
1171.7588430595824,-13.866177278540766,-13.866177278540766,-0.017873541114843627,0.006325477231240894
1173.7588430595824,-13.80379777277998,-13.80379777277998,-0.018273838223109573,-0.00715705649787562
1175.7588430595824,-13.887043374106621,-13.887043374106621,-0.013653823984014934,-0.004217470616291792
1177.7588430595824,-13.934178259791773,-13.934178259791773,-0.027495621733103714,0.0025468612882162864
1179.7588430595824,-13.975407870412885,-13.975407870412885,-0.01194240479174602,0.005073274270293394
1181.7588430595824,-14.02376274664481,-14.02376274664481,0.00037277880161945554,0.011384447884395979
1183.7588430595824,-13.98258261244059,-13.98258261244059,0.008480285055198378,0.00513643118961946
1185.7588430595824,-13.931196029378818,-13.931196029378818,0.015046845916627305,-0.004046042540160826
1187.7588430595824,-13.907565589971298,-13.907565589971298,-0.0005831106202345282,-0.009668678187491382
1189.7588430595824,-13.903387979311791,-13.903387979311791,-0.01690558971647005,-0.011923689084428405
1191.7588430595824,-13.987247497402466,-13.987247497402466,-0.022820077214900536,-0.0014486684272464467
1193.7588430595824,-14.066440747110578,-14.066440747110578,-0.01323640458364439,0.01375977740547515
1195.7588430595824,-14.090126207690503,-14.090126207690503,-0.018101825536446237,0.0038070546433441686
1197.7588430595824,-14.009279215980946,-14.009279215980946,-0.011389151436610678,-0.012837269291866743
1199.7588430595824,-14.132062101694036,-14.132062101694036,-0.002419521113229184,0.004032190786609438
1201.7588430595824,-14.157553958603463,-14.157553958603463,-0.020841057569998878,0.008108530562709017
1203.7588430595824,-14.109482376596336,-14.109482376596336,-0.008365824141150835,-0.00700464234392369
1205.7588430595824,-14.175999852321532,-14.176007676540937,0.007299247767824424,0.005955862635987859
1207.7588430595824,-14.198965827173886,-14.198988694823242,0.01471688104985791,0.018540706474624444
1209.7588430595824,-14.099117016602746,-14.099159976460868,0.025471396311149697,0.0031266922925141214
1211.7588430595824,-13.989785736279673,-13.991747328197473,0.03184953968720605,-0.009965234141657524
1213.7588430595824,-13.964541908336594,-13.97223650605174,0.019348737426881923,-0.006187590056592173
1215.7588430595824,-13.9292396619929,-13.944192377325594,0.027261580604607705,0.0076778606458487945
1217.7588430595824,-13.918675673593016,-13.944370077045813,0.035621969262469744,0.014300453075442558
1219.7588430595824,-13.721740744400392,-13.773654683360611,0.044717901737623134,0.0010386221815242974
1221.7588430595824,-13.607026774497701,-13.687260751951982,0.0617085270562614,-0.0012771004811248882
1223.7588430595824,-13.475781536206684,-13.586449163424609,0.05500301954196263,0.004082280393447064
1225.7588430595824,-13.293998615055962,-13.450701860595721,0.06398053913281765,0.0024056218870427627
1227.7588430595824,-13.12555820872657,-13.33363052702491,0.08034966403178179,0.008490150415595785
1229.7588430595824,-12.915805914741103,-13.17541643888944,0.10019111725589935,0.015451636689912882
1231.7588430595824,-12.629584641083992,-12.943651851170355,0.11204213093236493,0.007138883672592753
1233.7588430595824,-12.278840680056264,-12.649172922548527,0.09751461553233587,-0.016783174251378083
1235.7588430595824,-12.012612616844226,-12.43729347956599,0.07372835446206594,-0.026216564220464447
1237.7588430595824,-11.919615980454395,-12.395299514630754,0.054508186591076146,-0.0044601901464299465
1239.7588430595824,-11.839754052470091,-12.353825015473827,0.047489521741072904,0.013266299240428847
1241.7588430595824,-11.662267174825828,-12.213107429819917,0.0604265574717997,0.007398708047693196
1243.7588430595824,-11.46995701508937,-12.057377305637408,0.06914861947539963,-0.002463960625247248
1245.7588430595824,-11.300739872021845,-11.911887054856356,0.04628134226511049,-0.014465374421651828
1247.7588430595824,-11.172827952547014,-11.80063605967063,0.011067272927681282,-0.02655414042550148
1249.7588430595824,-11.201509323688267,-11.842856691699033,-0.015217332785414817,-0.016231823323750033
1251.7588430595824,-11.324629085920872,-11.968839122215957,-0.031122116255426935,0.005456395288036075
1253.7588430595824,-11.404059633392574,-12.033625717139675,-0.02652270876256968,0.010573614758237457
1255.7588430595824,-11.43716027584452,-12.049612989714046,-0.0167783648189892,0.0017068302333481274
1257.7588430595824,-11.461605458100502,-12.05503836179959,-0.013449970632040564,-0.004047306436880544
1259.7588430595824,-11.536292537721948,-12.103066040767871,-0.014037508348231142,-0.0003370231710269956
1261.7588430595824,-11.600786202348289,-12.141225482195999,-0.016834706266979582,0.002355035693546213
1263.7588430595824,-11.647171578843992,-12.161913056499895,-0.016929742893432298,-0.0011085178673071198
1265.7588430595824,-11.702423002920934,-12.189716011935428,-0.016575896819176705,-0.002225714821859684
1267.7588430595824,-11.780100382862226,-12.23850398391533,-0.004546169163955227,0.007300555015763952
1269.7588430595824,-11.84378709395678,-12.273832656749413,0.013080975048243904,0.017050691574106026
1271.7588430595824,-11.796194351512106,-12.198282409811537,0.0136792947800366,0.001811442159235645
1273.7588430595824,-11.711978828574985,-12.085068211549476,0.0004270741560041813,-0.023382012174939976
1275.7588430595824,-11.784990353432136,-12.129069625675037,-0.0012346981600770413,-0.009268925901661009
1277.7588430595824,-11.957051797785589,-12.27041606350138,-0.008429067277909041,0.018951928040874946
1279.7588430595824,-11.929339797258429,-12.208159995092153,-0.006198185958457891,0.006786812095530431
1281.7588430595824,-11.90810924157893,-12.152500749772749,0.0011791518793899947,-0.014149808765550354
1283.7588430595824,-11.96782699664061,-12.1786551133427,-0.0012947157144234112,-0.004335457174671453
1285.7588430595824,-12.082494321327829,-12.26098284846626,-0.0031938285615353834,0.011963165009323746
1287.7588430595824,-12.069717418356092,-12.21851772080754,-0.004609718918147099,0.002677881118091685
1289.7588430595824,-12.057691120259783,-12.178051378265032,0.010159014488448026,-0.00528610817606193
1291.7588430595824,-12.121012403513557,-12.215532864687876,0.010116871401289806,0.004684609454979732
1293.7588430595824,-12.07838077929227,-12.179710732558675,-0.017772805463684982,-0.008674872888412987
1295.7588430595824,-11.993810300576413,-12.137582749597222,-0.05243924170689773,-0.03581555134097098
1297.7588430595824,-12.111875035092496,-12.320233821974512,-0.0781781206714025,-0.021327847800798907
1299.7588430595824,-12.327638724316074,-12.635046798343058,-0.111844842832864,0.006144922112559161
1301.7588430595824,-12.247064752412747,-12.805135697929895,-0.13749964402357673,-0.00791166172861562
1303.7588430595824,-12.190579331873813,-13.032341492260134,-0.17001345987290772,-0.03386600945099585
1305.7588430595824,-12.268132626572806,-13.420230974163125,-0.2246934560771865,-0.03293444827958603
1307.7588430595824,-12.44671646429175,-13.99515447732632,-0.263707853778967,-0.010398918373188836
1309.7588430595824,-12.582349177614814,-14.602683346547387,-0.27264028362817405,0.010315158559330654
1311.7588430595824,-12.61510893502092,-15.14200432249187,-0.2681415155768194,0.008367056391480077
1313.7588430595824,-12.516746980394652,-15.601353243188518,-0.2513025409680836,-0.0007457819591300262
1315.7588430595824,-12.381112077019662,-16.140286601940875,-0.28189512120657567,-0.014410854939684421
1317.7588430595824,-12.150129708518357,-16.613103674292056,-0.339018244793998,-0.03655965638211469
1319.7588430595824,-12.20518902022722,-17.397165292144475,-0.36136862050651253,-0.019610373646647996
1321.7588430595824,-12.342987225626933,-18.313499201540502,-0.41538893963469903,0.0038237608180554717
1323.7588430595824,-12.195657461229866,-19.031235565992976,-0.4435003293005244,-0.013361345943954526
1325.7588430595824,-12.229469221122386,-19.936215191369648,-0.44922018285120036,-0.016524282781211912
1327.7588430595824,-12.36456961625794,-20.94516792654867,-0.47336530942061694,0.0018894690691277426
1329.7588430595824,-12.464305316275235,-21.907260664350105,-0.4743237283070898,0.0067995510965026046
1331.7588430595824,-12.521938245355251,-22.81815804135791,-0.4752884344798609,-0.00259368033781628
1333.7588430595824,-12.584875626296123,-23.730805017826366,-0.4786151044625302,-0.00834035298354755
1335.7588430595824,-12.755448102575226,-24.747475402387558,-0.47791848293312933,0.0016198696943717152
1337.7588430595824,-12.921634933239575,-25.736181500050346,-0.4660726476711301,0.013132215273236792
1339.7588430595824,-13.008123173983922,-26.641505904822946,-0.4571623684803967,0.006147856106792017
1341.7588430595824,-13.010811921450138,-27.459386199195407,-0.47349107823982317,-0.015758682762309503
1343.7588430595824,-13.150891939784664,-28.40477435023073,-0.4857803649544321,-0.016360976408164373
1345.7588430595824,-13.483716790481479,-29.52411012596893,-0.46634355784147097,0.01854961107533748
1347.7588430595824,-13.70339616977007,-30.527748824458403,-0.40957540356092714,0.04801011856562459
1349.7588430595824,-13.584405328861425,-31.190134661927175,-0.3530172065556405,0.026616970642575146
1351.7588430595824,-13.307159959979613,-31.68137757871815,-0.34142708069531524,-0.02246872771624882
1353.7588430595824,-13.219910215221006,-32.348247778414056,-0.38938378198478496,-0.04039972067936078
1355.7588430595824,-13.38003952753147,-33.259165470020925,-0.4526822559468755,-0.022014975863246793
1357.7588430595824,-13.677698586838046,-34.305204917805455,-0.48875435839387027,0.0001758334856316966
1359.7588430595824,-13.944046114280596,-35.30283562629315,-0.47636901271399434,0.012710751103429828
1361.7588430595824,-14.177780508382988,-36.25828264556502,-0.45013697145009246,0.01445674153049939
1363.7588430595824,-14.272576661864639,-37.07011757173288,-0.4433052771263801,-0.0005672252481684
1365.7588430595824,-14.39574077035516,-37.906300689406194,-0.4366070248789784,-0.009468618410999755
1367.7588430595824,-14.643880533797196,-38.84927784330419,-0.4315014271761157,0.005143008761626848
1369.7588430595824,-14.85719601998727,-39.751138844596845,-0.4289293319554339,0.012528225426232428
1371.7588430595824,-14.943378936431786,-40.522128989141805,-0.4015929657035038,0.006640375728866379
1373.7588430595824,-15.079548901660734,-41.337735345049666,-0.37836354968822317,0.007480294389127858
1375.7588430595824,-15.14359716980363,-42.062021568932224,-0.3912716782850154,-0.0025433881051187056
1377.7588430595824,-15.204025231194219,-42.77804724210263,-0.4025336003030304,-0.016946397668278483
1379.7588430595824,-15.426680743848856,-43.65230241542193,-0.42549059261507693,-0.01087660098557087
1381.7588430595824,-15.684274815864882,-44.55800414747391,-0.4554271681630695,-0.003933694389333872
1383.7588430595824,-15.965035593631603,-45.46594630985284,-0.4448868576699727,0.0032506879509229367
1385.7588430595824,-16.297176686097124,-46.421464587407186,-0.41608234721221304,0.019589927598307473
1387.7588430595824,-16.467487126574525,-47.21139727678171,-0.4129605342231457,0.009239520716478924
1389.7588430595824,-16.527089399425428,-47.88666292517161,-0.4051101893715945,-0.015449947195013086
1391.7588430595824,-16.814400772219653,-48.769630583638005,-0.4044657613849765,-0.005938428337909706
1393.7588430595824,-17.115836355336654,-49.66234610237994,-0.4082962972906117,0.014134377074101779
1395.7588430595824,-17.313078947919728,-50.44712336786152,-0.364374627461892,0.02280916742999012
1397.7588430595824,-17.435159580297654,-51.15303330349651,-0.3183911542643516,0.023480828511837592
1399.7588430595824,-17.400606240541155,-51.68462760333314,-0.31822345581579015,-0.003827780899832517
1401.7588430595824,-17.365677971085752,-52.209475336494755,-0.36726339029754396,-0.042660415462413545
1403.7588430595824,-17.59322045363948,-52.99291101438784,-0.4268218605097305,-0.0388028471091628
1405.7588430595824,-18.13933704890954,-54.09114042587686,-0.45837232067338984,0.004523809686600562
1407.7588430595824,-18.609097473353245,-55.099202487410984,-0.4592165665134784,0.02527531967398988
1409.7588430595824,-18.857687031633947,-55.876453901881874,-0.41685854492790675,0.011587038734733872
1411.7588430595824,-19.122609605586987,-56.66664354649567,-0.38367405505051533,0.003331124624751704
1413.7588430595824,-19.3603804842266,-57.42600878530011,-0.37314812396594554,0.0058556570411559886
1415.7588430595824,-19.592874670999542,-58.16859492781511,-0.36221044736481023,0.005517927001427259
1417.7588430595824,-19.787527577453776,-58.86163889360944,-0.3706638498717769,-0.00484592212059224
1419.7588430595824,-19.99606839689033,-59.56432712541415,-0.3843785167713367,-0.01441323775243602
1421.7588430595824,-20.332375825146222,-60.39131958427433,-0.403146144442478,-0.008267618695923329
1423.7588430595824,-20.70042127993474,-61.2436230619858,-0.40948261704736844,0.004097928915415634
1425.7588430595824,-21.074392949456623,-62.08680804914926,-0.3984418919274715,0.010193709058303257
1427.7588430595824,-21.36321233910647,-62.8401880617931,-0.37903046072495883,0.008221506250330064
1429.7588430595824,-21.641237752013645,-63.5788547196941,-0.36547034326575645,0.0031242510948589933
1431.7588430595824,-21.88105754571231,-64.27586674778547,-0.3669935216272435,-0.0033399360452151354
1433.7588430595824,-22.17371506229457,-65.01057079527531,-0.36427145073579315,-0.002630613784145299
1435.7588430595824,-22.504242368240828,-65.77613623481105,-0.36550139230074663,0.0039629145722619745
1437.7588430595824,-22.7893694494643,-66.49302632558044,-0.3553574918122919,0.006381942088613767
1439.7588430595824,-23.068230488993528,-67.19987788619144,-0.3365160992199865,0.008266446717824455
1441.7588430595824,-23.302675476772713,-67.85343072977365,-0.33729630454243065,0.0011931053469647608
1443.7588430595824,-23.510041560105464,-68.46826502857094,-0.35163988669148516,-0.01450054716276333
1445.7588430595824,-23.83018912895065,-69.19139676191989,-0.3647914668534522,-0.012561031740347745
1447.7588430595824,-24.252819270338563,-70.01299697972333,-0.3903700001334176,-0.0016922937021635366
1449.7588430595824,-24.620057360277,-70.77176246460127,-0.4044575900042151,-0.0037310758606283936
1451.7588430595824,-25.058607195768683,-71.59122502963828,-0.3917579242974032,0.0011297301443569927
1453.7588430595824,-25.517826603909466,-72.42705748195361,-0.38508881993722,0.011676183504520588
1455.7588430595824,-25.86629755562807,-73.14706037410255,-0.3571633320344869,0.013277703481801401
1457.7588430595824,-26.20667971087373,-73.85247302409903,-0.3403458127756931,0.006790612139618093
1459.7588430595824,-26.443938477141234,-74.44853168591418,-0.3317325890678884,-0.0027210739741475565
1461.7588430595824,-26.796844715474325,-75.14982398415916,-0.3379346895025481,-0.005780519125685575
1463.7588430595824,-27.101454706363114,-75.80092108664566,-0.34793326977577266,-0.004143268768955384
1465.7588430595824,-27.520113147075012,-76.55595054011941,-0.33543325932199863,0.006859509802298321
1467.7588430595824,-27.86333742299408,-77.23199784412036,-0.3299908692424047,0.011894356411518878
1469.7588430595824,-28.136256037833093,-77.83329005873514,-0.28626306680093627,0.014693298460616833
1471.7588430595824,-28.424664657535576,-78.4408480405849,-0.26826197099087956,0.015294897916277604
1473.7588430595824,-28.519041101085133,-78.8460550745269,-0.299805833013556,-0.020484323797486555
1475.7588430595824,-28.744144753825832,-79.3780936120474,-0.34975641593852735,-0.048547248708263276
1477.7588430595824,-29.294366698595258,-80.23173672284359,-0.3817602801138502,-0.014408052968204804
1479.7588430595824,-30.004045062553896,-81.23889936809312,-0.39722413186465566,0.027282926393461224
1481.7588430595824,-30.381037474605204,-81.9001373154377,-0.37187269008981616,0.01862058002756287
1483.7588430595824,-30.75482938910723,-82.55588666696464,-0.3284084025850227,0.0003595092534747417
1485.7588430595824,-31.12613819472051,-83.20671824356212,-0.3325930776600874,-0.0025408705506504655
1487.7588430595824,-31.513560984428103,-83.8661665887733,-0.332380990344328,-0.0020556152469723924
1489.7588430595824,-31.94353786745357,-84.5608819367184,-0.3197705825947388,0.008109985770620864
1491.7588430595824,-32.33940983472476,-85.21493458971926,-0.31406576118214247,0.010041382343966168
1493.7588430595824,-32.6342591969486,-85.76488290432003,-0.3125368935842623,-0.005015757918786455
1495.7588430595824,-33.00082739460464,-86.37869267823044,-0.31655584216753496,-0.01109876825124463
1497.7588430595824,-33.44113346853104,-87.0611770853925,-0.32130945332259486,0.0011926626784609278
1499.7588430595824,-33.88857451531396,-87.74738132705954,-0.3290178963554453,0.005637393850299584
1501.7588430595824,-34.24446361265177,-88.33535853090079,-0.32100488034845753,-0.0010615265175009873
1503.7588430595824,-34.69813920493442,-89.010835849074,-0.30968862198450786,0.0026912062869546196
1505.7588430595824,-35.0971107555721,-89.62921612818016,-0.31510695940533395,0.003625546098510728
1507.7588430595824,-35.47586361158832,-90.2248903029356,-0.3066327878955679,-0.00136291757168249
1509.7588430595824,-35.897185552527404,-90.85621420614346,-0.3060374645404842,0.0003112867673682697
1511.7588430595824,-36.30409634301789,-91.46389815223854,-0.30991344893239514,-7.036604396860302e-05
1513.7588430595824,-36.71987767601759,-92.07751584450403,-0.3073081429575151,-0.0008658594448310552
1515.7588430595824,-37.151459248387575,-92.70419789439477,-0.3078888498128691,0.00095419615316159
1517.7588430595824,-37.57577847755364,-93.31467934980358,-0.30626365006657963,0.0013231514047180035
1519.7588430595824,-38.005625219265994,-93.9270089507415,-0.2990715118626479,0.002915803964759319
1521.7588430595824,-38.4277294833815,-94.52762504503667,-0.30473362141568927,-0.0006552405934931913
1523.7588430595824,-38.824187303824864,-95.09676998929595,-0.30281384754098006,-0.004547223305639702
1525.7588430595824,-39.31568357431435,-95.7525483211291,-0.2941280154937669,0.005343239274647889
1527.7588430595824,-39.75077131109595,-96.34951973106934,-0.2938088627748314,0.008557618855710237
1529.7588430595824,-40.122131863870045,-96.8806491689868,-0.26133944251867547,0.009367050804683617
1531.7588430595824,-40.537060723484174,-97.4472408914946,-0.2654730700263688,0.0040436902128874715
1533.7588430595824,-40.78827321105011,-97.8432638612785,-0.29764641786329094,-0.02508944405824272
1535.7588430595824,-41.275748692170126,-98.47330429128029,-0.30071905215126904,-0.01941001564207029
1537.7588430595824,-41.925518094749954,-99.26182051189313,-0.31986571772859484,0.015023104601819335
1539.7588430595824,-42.386640819344144,-99.85299330870475,-0.3121500129883348,0.014253003025286053
1541.7588430595824,-42.8075989001474,-100.40218960310726,-0.2716737418038857,0.0060295633349832884
1543.7588430595824,-43.25060421254882,-100.97050439518696,-0.26022549571311515,0.008679725072985629
1545.7588430595824,-43.59871970141411,-101.43521044632422,-0.26828106298457577,-0.004516629644642407
1547.7588430595824,-43.98661138990835,-101.93479727440968,-0.2718493412828291,-0.013827283779236917
1549.7588430595824,-44.490656421170655,-102.54843810698387,-0.2928645180713563,-0.006433589408003245
1551.7588430595824,-44.9805351620994,-103.1452991254496,-0.29062624951002114,0.005312516557189123
1553.7588430595824,-45.51522724729785,-103.77812659089507,-0.2599781274558186,0.021505291539601793
1555.7588430595824,-45.90175585960476,-104.25980727048984,-0.23778235559092842,0.01880512900097296
1557.7588430595824,-46.17802050745553,-104.62826312663042,-0.23215147160954608,-0.009065974330014779
1559.7588430595824,-46.51191438693219,-105.04755797017702,-0.25867840384259466,-0.028012206581972243
1561.7588430595824,-47.01900941839814,-105.63533836377144,-0.29057543563081545,-0.01718189872322608
1563.7588430595824,-47.63378502331818,-106.3292345012306,-0.2885396158662985,0.01413792313814939
1565.7588430595824,-48.18126875967229,-106.95286661167694,-0.26982091122240703,0.026801118472142737
1567.7588430595824,-48.517361828748186,-107.35587489710741,-0.2593035898741025,-0.0011988247203003678
1569.7588430595824,-48.890948147508155,-107.7939056535507,-0.2540868401109879,-0.019950659047052746
1571.7588430595824,-49.43783668726995,-108.40366322022342,-0.27035626930774725,-0.0037824077675966765
1573.7588430595824,-49.963988715923335,-108.98556133256484,-0.2838658234431506,0.006253198424539045
1575.7588430595824,-50.445154560099255,-109.51872505156939,-0.2753876488365954,0.0015135074271763217
1577.7588430595824,-50.940844200821076,-110.0648322410959,-0.2778095139586281,-0.0035742309131984854
1579.7588430595824,-51.43653311787264,-110.60676441091618,-0.29786181278473123,-0.011378588784293354
1581.7588430595824,-51.999492968957085,-111.20803744423387,-0.3072854770094029,-0.009382316540277087
1583.7588430595824,-52.65620382228281,-111.90161955384724,-0.3025478490394047,0.009280062013840162
1585.7588430595824,-53.24225150282212,-112.52311605717112,-0.2587777619038931,0.031753522206366215
1587.7588430595824,-53.718721847964034,-113.02714720323142,-0.21409796833133043,0.03145464991940485
1589.7588430595824,-53.94468117301302,-113.27825953946501,-0.18854639216984204,0.00011362657381911606
1591.7588430595824,-54.25703409602541,-113.61440330049788,-0.1802168157933437,-0.015919575883968064
1593.7588430595824,-54.65621534338307,-114.03148719452986,-0.21382228318928398,-0.011930228534446146
1595.7588430595824,-55.08101110803149,-114.46888172957817,-0.2362595500637532,-0.010434253461380282
1597.7588430595824,-55.58959223090399,-114.98883780497928,-0.24139581923902043,-0.0009452672548585535
1599.7588430595824,-56.095594909758375,-115.50447970100791,-0.24820946740696748,0.004886551796848062
1601.7588430595824,-56.55216952382706,-115.96265374844202,-0.24238941724005336,0.0004885982578354548
1603.7588430595824,-57.04363480197608,-116.45455746883391,-0.23598047822194346,0.0007094074775014073
1605.7588430595824,-57.518261458304366,-116.92795314289971,-0.24143673597639115,-5.1385780235535153e-05
1607.7588430595824,-57.99043517196629,-117.39232352678346,-0.23508295874630392,-0.0002958606754920839
1609.7588430595824,-58.50328921221159,-117.89414763625315,-0.23389141527789725,0.0035346289076443873
1611.7588430595824,-58.956445755444285,-118.33522113880434,-0.247691057910858,-0.005472103549800228
1613.7588430595824,-59.43582957631217,-118.79908446512289,-0.2364245827520186,-0.004696000303661033
1615.7588430595824,-60.031793304925635,-119.37385199007032,-0.21550672686344718,0.020622292953470855
1617.7588430595824,-60.46567000842869,-119.7855442982693,-0.18678236006011417,0.028416334762709182
1619.7588430595824,-60.76318351593605,-120.05927495371192,-0.1624541118938918,0.004280258785574764
1621.7588430595824,-61.028940284767245,-120.2933433456038,-0.17595075835675011,-0.0234052365160771
1623.7588430595824,-61.441717566298394,-120.67348488522146,-0.20246357784497526,-0.023025369828816894
1625.7588430595824,-61.994897149086306,-121.1931503651233,-0.23810441350015665,-0.006054243273333342
1627.7588430595824,-62.519517189827496,-121.67898357647172,-0.2563836691704626,-0.002276398825194348
1629.7588430595824,-63.080609501314186,-122.19817865360505,-0.24874563238915925,0.0011475801962324101
1631.7588430595824,-63.6497123096124,-122.72455423858516,-0.24694422840063268,0.006610422064169285
1633.7588430595824,-64.15450347456917,-123.18311542423658,-0.23025936515384338,0.007391824352675347
1635.7588430595824,-64.67727251970331,-123.65453740367678,-0.20998037922049306,0.010552172968379354
1637.7588430595824,-65.11509907602048,-124.0402535748358,-0.19787585201751412,0.007745035162773823
1639.7588430595824,-65.5323299183249,-124.4043972723491,-0.19340652458239838,-0.0028115584507136253
1641.7588430595824,-65.95397998547358,-124.76612224037669,-0.19151573581047465,-0.004760014156377038
1643.7588430595824,-66.45023127600646,-125.20178960033597,-0.20671345322869783,-0.0034586495600950388
1645.7588430595824,-66.88206059273779,-125.5723794613196,-0.20822808596115294,-0.0031263679687606994
1647.7588430595824,-67.43449045265766,-126.05810489817868,-0.19226418061450978,0.01032931829691906
1649.7588430595824,-67.87732036134122,-126.43194692806591,-0.18894513104654287,0.012308400007854223
1651.7588430595824,-68.25482920146558,-126.73990304525205,-0.1707613791373177,-0.00014934171244550322
1653.7588430595824,-68.67166012822348,-127.08394050969194,-0.17384796784481082,-0.005187829480039837
1655.7588430595824,-69.08852949942158,-127.42419593127723,-0.1959681982034418,-0.011763389891996585
1657.7588430595824,-69.56426829527662,-127.8227306708244,-0.19862956755854277,-0.00657319616111992
1659.7588430595824,-70.12799532370298,-128.30764863087958,-0.20704912446618629,0.006485540748305022
1661.7588430595824,-70.57736158898155,-128.67297705016028,-0.20804252447138438,0.0021203947896787536
1663.7588430595824,-71.06961159938648,-129.08058892700672,-0.18717833710752885,0.002875912719543201
1665.7588430595824,-71.56119628646978,-129.48707086659547,-0.16837600046645207,0.016852026757224765
1667.7588430595824,-71.969662188627,-129.80507532773981,-0.16106796516970334,0.009648911696437393
1669.7588430595824,-72.27586913124038,-130.0199850538919,-0.15523909888502274,-0.010619104965240144
1671.7588430595824,-72.71669099387344,-130.36913264836434,-0.1570645510932671,-0.007737050821001872
1673.7588430595824,-73.17220579495712,-130.72898365767566,-0.1796664463673352,-0.001152162149886699
1675.7588430595824,-73.60256600297936,-131.06159173648595,-0.18588897543587635,-0.006069789603300349
1677.7588430595824,-74.09640137680495,-131.45731662483058,-0.18699206517232625,-0.002331085840227415
1679.7588430595824,-74.5960274139012,-131.85624445185135,-0.1927752454119087,0.002787165869889623
1681.7588430595824,-75.0685959558723,-132.22492017905427,-0.19232122625439985,-0.00019902521103660158
1683.7588430595824,-75.55161501733023,-132.60379369978122,-0.20521328294822183,-0.00861321119042478
1685.7588430595824,-76.0491027917976,-132.99588643486578,-0.18837473735798582,0.0020721453068643803
1687.7588430595824,-76.66042734077386,-133.49795071543713,-0.16628536167164754,0.027479362929443828
1689.7588430595824,-77.00386411765058,-133.73191807791815,-0.15487748868101647,0.014056431929504605
1691.7588430595824,-77.31582747947047,-133.9340765931544,-0.1318116410427983,-0.011099562123071961
1693.7588430595824,-77.73108340302703,-134.2349063443139,-0.1451959272910628,-0.009424825768971652
1695.7588430595824,-78.1632347999176,-134.5524438437795,-0.1647221153310383,-0.004865776582440314
1697.7588430595824,-78.61911138372298,-134.89348549624665,-0.17362467358319122,-0.004294305492367797
1699.7588430595824,-79.09583162864098,-135.2518535158027,-0.17852068350520867,-0.0017498205678663744
1701.7588430595824,-79.58728648462936,-135.62390373297944,-0.17238809438416425,0.0048887002431989264
1703.7588430595824,-80.06363859885751,-135.98060931182118,-0.16212558391611864,0.009648770919380895
1705.7588430595824,-80.47747605664057,-136.27259025131997,-0.1447899244876112,0.008424548996560187
1707.7588430595824,-80.87720409921522,-136.54885818713166,-0.13456625138548617,0.003648437175107859
1709.7588430595824,-81.23430737480011,-136.78222312888033,-0.1355006868440043,-0.003937301644154148
1711.7588430595824,-81.63439434557291,-137.05713932290507,-0.1311949733154556,-0.0020102217247653176
1713.7588430595824,-82.06111293108759,-137.356595746072,-0.13773794680559348,0.0028462240475660453
1715.7588430595824,-82.43036654882673,-137.5984179736553,-0.1421042317522847,-0.003292064775680385
1717.7588430595824,-82.84420470730586,-137.88412670332508,-0.141534848083829,-0.0046845884649369665
1719.7588430595824,-83.28491924398071,-138.19397317692335,-0.15369900118123425,-0.002322324340662825
1721.7588430595824,-83.71089431437156,-138.48887453074263,-0.15031625072953148,0.00042100390313888115
1723.7588430595824,-84.18113735519009,-138.82800998310518,-0.14150123715551643,0.00825482081808628
1725.7588430595824,-84.57341379371711,-139.08665670916133,-0.13130903324806198,0.008838677583960505
1727.7588430595824,-84.94664890417828,-139.32598307416748,-0.13060389088102653,-0.002978769968387838
1729.7588430595824,-85.2937989467015,-139.53934679672713,-0.12131067613423596,-0.0039808790133686175
1731.7588430595824,-85.76309592907077,-139.8728411101534,-0.11510042531274323,0.010595784838537087
1733.7588430595824,-86.08373369313436,-140.05714211823522,-0.11556582350959488,0.006804728864551945
1735.7588430595824,-86.40948074612977,-140.24678647666943,-0.10272790166343526,-0.004548588362180289
1737.7588430595824,-86.76435115508747,-140.4638733848039,-0.11224193766218349,-0.005181339042165172
1739.7588430595824,-87.13395503022828,-140.69466432346087,-0.12017578837963327,-0.0040158532318459545
1741.7588430595824,-87.53291419496247,-140.9550776195327,-0.12120552738840473,0.0007805033290274854
1743.7588430595824,-87.92532026218443,-141.2081927837065,-0.12509164562334618,0.0016073597566278125
1745.7588430595824,-88.29090380153833,-141.43351760391113,-0.12420070072375466,-0.0022432467918583306
1747.7588430595824,-88.69277646997293,-141.69539748844764,-0.1257349852762033,-0.0019211665470258111
1749.7588430595824,-89.08659696935976,-141.94868322532272,-0.1413427697855134,-0.006092210188529753
1751.7588430595824,-89.49354040010364,-142.21407266591612,-0.14833181139549723,-0.009031794138185133
1753.7588430595824,-89.9848745231703,-142.56425976219523,-0.16370632583175748,-0.0047152789099681215
1755.7588430595824,-90.44410512994506,-142.88205197961162,-0.15240711991743794,0.00704690637679726
1757.7588430595824,-90.96299635035858,-143.25833383197678,-0.11247971825347491,0.02994924300857587
1759.7588430595824,-91.2802264485871,-143.43332962525562,-0.08802265700052203,0.024611786123694242
1761.7588430595824,-91.45333440354156,-143.46409750822303,-0.06832208975963283,-0.008381828508322454
1763.7588430595824,-91.71850918511463,-143.5862332356158,-0.07000101367480127,-0.015771489839718208
1765.7588430595824,-92.07971099897382,-143.80491055005385,-0.09316122466887222,-0.0039277379807136845
1767.7588430595824,-92.41062805020113,-143.99333773465403,-0.1022620461332977,-0.00023919875356638964
1769.7588430595824,-92.76972937978715,-144.209387305574,-0.09604005949373118,0.002504829238308836
1771.7588430595824,-93.10728676532075,-144.40432960468218,-0.08341859788096784,0.0095646753119178
1773.7588430595824,-93.41876384161388,-144.5732310260037,-0.07124866971686572,0.009781553529795586
1775.7588430595824,-93.648683022071,-144.66068651770178,-0.07145294595327556,-0.003653841007021594
1777.7588430595824,-93.90931927748554,-144.77937666330894,-0.07417997579809921,-0.01122897188029885
1779.7588430595824,-94.24803374847991,-144.97595317230838,-0.07811352597335741,0.00034837544452901646
1781.7588430595824,-94.58080076435598,-145.1666708323885,-0.08938314636542088,0.003676056147092059
1783.7588430595824,-94.84138038018138,-145.28559472548864,-0.08665301050263352,-0.004569745036393402
1785.7588430595824,-95.19214508566064,-145.4944418342323,-0.09347272865681688,-0.005690251560670789
1787.7588430595824,-95.50756454838758,-145.66917725632945,-0.10507415710906898,-0.004514295575406572
1789.7588430595824,-95.89308928173222,-145.91445266164303,-0.10451452618590196,0.00024014485134856534
1791.7588430595824,-96.24519071136368,-146.1261879823612,-0.09939926357121465,0.007317986612198723
1793.7588430595824,-96.58904017348173,-146.33055804371952,-0.09103947535884416,0.006413535233211496
1795.7588430595824,-96.86204554631408,-146.46437136489916,-0.09089937192582198,-0.0031377929786320894
1797.7588430595824,-97.17939151401528,-146.64276846451378,-0.10189875299036899,-0.011739753022587958
1799.7588430595824,-97.52747969022661,-146.85338295776776,-0.10476218815249538,-0.0036936707312456604
1801.7588430595824,-97.95706128286733,-147.14574806764247,-0.09840267450478635,0.013474921863441599
1803.7588430595824,-98.25072219124868,-147.30246887011913,-0.09183844564384103,0.010088611899449153
1805.7588430595824,-98.51355652730486,-147.42998986055207,-0.06796946449920327,0.0015348434736623835
1807.7588430595824,-98.80655119135858,-147.5880905229185,-0.06312789758747783,0.0041141402362709235
1809.7588430595824,-99.04227941164147,-147.6895037836361,-0.06452335894094219,0.0001764578082678469
1811.7588430595824,-99.29341962897811,-147.80749205081895,-0.05716071802327605,-0.0011495295555332848
1813.7588430595824,-99.56465898313242,-147.9461767320796,-0.06098829318402821,0.0015811420081248506
1815.7588430595824,-99.79584050549059,-148.0453762671047,-0.05559861418099743,0.0019272766293723337
1817.7588430595824,-100.05826983588476,-148.17741012910832,-0.044965328146425065,0.006402084367709009
1819.7588430595824,-100.26216238507253,-148.25228096426693,-0.04839950167071194,0.001657508799708736
1821.7588430595824,-100.44468294433281,-148.305899357251,-0.04983398434211139,-0.008822951535342466
1823.7588430595824,-100.69860157165024,-148.4325722804704,-0.060560338036491856,-0.007701347999325206
1825.7588430595824,-100.96764191956912,-148.57608200384522,-0.054845147207633005,0.006321712308874166
1827.7588430595824,-101.25378281939695,-148.73676366855886,-0.02843695614267361,0.023776598816378
1829.7588430595824,-101.38550448630365,-148.74466053491207,-0.017907758349867464,0.012112610191684827
1831.7588430595824,-101.42257627795153,-148.66006792961178,-0.0232442286650425,-0.02119190458762487
1833.7588430595824,-101.60335354571558,-148.71934407064415,-0.02925745812833469,-0.0177704649689396
1835.7588430595824,-101.92668466870646,-148.9227174978792,-0.059105042479266956,0.0032615688992724107
1837.7588430595824,-102.10022334206943,-148.97872019993875,-0.07796254613804976,-0.006499905761335594
1839.7588430595824,-102.37167256642158,-149.13290826944592,-0.0788477506511569,-0.013028345039942678
1841.7588430595824,-102.69750413789214,-149.34304443974855,-0.08138271131268837,0.0048013949178374975
1843.7588430595824,-103.02084896986463,-149.55349950308846,-0.06805775309123874,0.01841692275465207
1845.7588430595824,-103.20976000806377,-149.62978189044026,-0.05977878520680946,0.0059210222084291105
1847.7588430595824,-103.36852831763463,-149.67737029417583,-0.02708964951193238,0.0019368916595140309
1849.7588430595824,-103.62034939884687,-149.82127472140303,-0.012125626825241653,0.017869849184835803
1851.7588430595824,-103.67697049824483,-149.77021669918392,0.0013813220063099152,0.012296426435845659
1853.7588430595824,-103.73967189335414,-149.7267869050422,0.005963151193199678,-0.008828930520128248
1855.7588430595824,-103.7815545063254,-149.66631971812535,-0.019041018061543014,-0.022495396645320197
1857.7588430595824,-103.99102403971128,-149.77356951185743,-0.024929066726475213,-0.0066105442869386225
1859.7588430595824,-104.24079467337106,-149.92254484367626,-0.03891235939400772,0.01254346078484114
1861.7588430595824,-104.34133796548,-149.926219438854,-0.04003921896462259,-0.0009361166181143825
1863.7588430595824,-104.48952824926329,-149.9776185932774,-0.0297358731864783,-0.007973140514546628
1865.7588430595824,-104.70102312489193,-150.0938832635744,-0.044033663090701225,-0.0010557812852529033
1867.7588430595824,-104.85817063720083,-150.1604318291681,-0.038798398365578635,0.003444674393448908
1869.7588430595824,-105.06678728170039,-150.2784887435796,-0.03385491699076937,0.006137671394398964
1871.7588430595824,-105.16526696452634,-150.28800578020204,-0.01772635073138673,0.007080231088811438
1873.7588430595824,-105.32609885446084,-150.36472259950057,0.0034352305791784943,0.012496626073608777
1875.7588430595824,-105.34773017952249,-150.30224263501918,-0.0018793554672420498,0.0008399246686258983
1877.7588430595824,-105.37897794503374,-150.25100689894617,-0.003060788472435405,-0.01574463555131745
1879.7588430595824,-105.50829929761429,-150.30304062393998,-0.011954289419350062,-0.005876136455342877
1881.7588430595824,-105.67173213767319,-150.38920890728005,-0.02939745037623709,0.0025731894685931244
1883.7588430595824,-105.75596784452566,-150.39787695037398,-0.015497021088442864,0.00410455156199421
1885.7588430595824,-105.91434375611463,-150.48618650195607,0.005411791848331404,0.01482744386595539
1887.7588430595824,-105.92522265376073,-150.42701679264752,0.016890398145040564,0.01208250854033407
1889.7588430595824,-105.91234780757964,-150.3459145724934,0.027462158540888737,-0.0037986139004534585
1891.7588430595824,-105.89131085090882,-150.26275376521366,0.007353227375226368,-0.016854897707854977
1893.7588430595824,-105.95715097750121,-150.26648923362896,-0.0038407235316810784,-0.011848266959455114
1895.7588430595824,-106.11770095875193,-150.3681909736457,-0.013248956782668131,0.006553447049376973
1897.7588430595824,-106.17326327451738,-150.37664036074685,-0.015234620803848742,0.006149439494615195
1899.7588430595824,-106.21243406845531,-150.368745419475,-0.009284881763875319,-0.004572543848681937
1901.7588430595824,-106.27529323797259,-150.38836620005975,-0.010304659018089524,-0.003686012474979651
1903.7588430595824,-106.35845728050127,-150.4424700277567,-0.003949961960699966,0.007240425604355555
1905.7588430595824,-106.40409214920831,-150.45907763289156,0.014597449962963083,0.016132497407765616
1907.7588430595824,-106.37054282833866,-150.4003451151606,0.025749938432980457,0.007601793228943826
1909.7588430595824,-106.25241955913486,-150.27158660035604,0.0261110567789693,-0.010370243419818964
1911.7588430595824,-106.22791871496024,-150.23647052029287,0.019773072035718542,-0.010591576181147852
1913.7588430595824,-106.25005803488506,-150.2501891786598,-0.013907983094327392,-0.009625876195500902
1915.7588430595824,-106.24207675482187,-150.24216053887486,-0.027686799476104085,-0.013117062024995215
1917.7588430595824,-106.38281354211612,-150.38285046511066,-0.04606423355987488,-0.006428982504194871
1919.7588430595824,-106.4579649161017,-150.4579649161017,-0.04400476415785093,0.004958754761548824
1921.7588430595824,-106.61870304713882,-150.6187030471388,-0.009963891242136924,0.024495979132713886
1923.7588430595824,-106.59419865213765,-150.59419865213766,0.001377747760397341,0.01771804043638866
1925.7588430595824,-106.46256159504777,-150.46256159504776,0.02120267111480345,-0.00891033677229642
1927.7588430595824,-106.44694293401852,-150.44694293401852,0.01911964806102162,-0.008842291696571778
1929.7588430595824,-106.44908167822037,-150.44908167822038,0.0037743653571844504,0.00020218875463339306
1931.7588430595824,-106.44124146764948,-150.4412414676495,0.0014037229813972374,-1.082177344496918e-05
1933.7588430595824,-106.4323666721903,-150.43236667219028,0.00943563393665059,0.0026280902337587294
1935.7588430595824,-106.43571315016735,-150.43571315016735,0.04105585408487755,0.01978683774070412
1937.7588430595824,-106.3735971321202,-150.37359660672718,0.017259569279662657,0.0012829531406278653
1939.7588430595824,-106.11279770272927,-150.11279463497047,0.005324739268981915,-0.03770084136440031
1941.7588430595824,-106.29429572849887,-150.29429011795298,0.007275153965608183,-0.006275235905117606
1943.7588430595824,-106.39312263769082,-150.3931152360155,-0.023368396753156162,0.02333675847015894
1945.7588430595824,-106.31540171879351,-150.3153953750023,-0.001840311952815199,0.0017179924271396672
1947.7588430595824,-106.29974718201142,-150.29974180899572,0.023340069319502277,-1.6423754895606317e-06
1949.7588430595824,-106.30901731819274,-150.3090126135755,0.010761053805822485,0.0045818858260346556
1951.7588430595824,-106.2063995455308,-150.20639468145947,-0.0049255898628715045,-0.014130671624780424
1953.7588430595824,-106.2293119831136,-150.22930694455573,-0.00992853813003336,-0.014925270730794844
1955.7588430595824,-106.33915148292017,-150.3391465278987,-0.02807535229172231,0.002553285217819257
1957.7588430595824,-106.38844461391649,-150.38844091861577,-0.024406731479050592,0.0076815163090564395
1959.7588430595824,-106.43099972946386,-150.43099749979325,-0.012771195230424581,0.005094527418459759
1961.7588430595824,-106.42456166792813,-150.42456079638814,-0.0035119072140510355,0.002758980072573508
1963.7588430595824,-106.4413168365874,-150.4413160897421,0.001813866062303049,0.0021967459334434167
1965.7588430595824,-106.41653679096142,-150.41653617632818,-0.00915366272741025,-0.0055792076376377465
1967.7588430595824,-106.4164869840406,-150.41648657129483,-0.0042726509274295665,-0.0052398717838875765
1969.7588430595824,-106.49779016489828,-150.49779009820742,0.002000814297307585,0.011157080386487
1971.7588430595824,-106.47549721718042,-150.47549729716152,0.0002778730579500177,0.007515276391891891
1973.7588430595824,-106.40052916609669,-150.40052966194972,0.015841363523833252,-0.004235278413238314
1975.7588430595824,-106.41426053076457,-150.41426358683123,0.015719404675333948,0.00020541240566588842
1977.7588430595824,-106.37105378344091,-150.37105919001675,0.013181969068838839,0.0029064179623294905
1979.7588430595824,-106.34973538614344,-150.34974205975885,0.015102359598994752,-0.0005138352802242908
1981.7588430595824,-106.29506971525711,-150.295073909399,0.0081247820523771,-0.005435230855778965
1983.7588430595824,-106.29344286913268,-150.29344471003927,-0.006067024407720112,-0.010070124910095244
1985.7588430595824,-106.30606048997915,-150.30606093359773,-0.016072217619726104,-0.00666014998162995
1987.7588430595824,-106.39827527722011,-150.3982782550206,0.0029193274092271793,0.014563670649160825
1989.7588430595824,-106.42364613915296,-150.42365165035682,0.019790110286532325,0.02457945356652101
1991.7588430595824,-106.27008287587789,-150.27009009076545,0.03413106970202762,0.0010401961564307722
1993.7588430595824,-106.14773536858323,-150.14774005130548,0.023243428042601266,-0.022848717092242045
1995.7588430595824,-106.12522754597175,-150.1252296974044,-0.005593798312439446,-0.020903467196271834
1997.7588430595824,-106.23770422601599,-150.237704226016,-0.029261174750061514,-0.003380722661920402
1999.7588430595824,-106.31484047726498,-150.31484047726497,-0.010084804496933941,0.018656099081990223
2001.7588430595824,-106.38182944930597,-150.38182944930597,0.02045654859384527,0.028226207606958285
2003.7588430595824,-106.20590798664813,-150.20590813337986,0.03864676480687024,0.0056940778790880425
2005.7588430595824,-106.07405048381378,-150.07405183726524,0.026540527809913783,-0.025175332674364347
2007.7588430595824,-106.00566360660267,-150.00566635881,-0.006229226480627403,-0.02814319697386414
2009.7588430595824,-106.16950134992281,-150.16950522682666,-0.038628794793446275,-0.007366229899180596
2011.7588430595824,-106.25574076298676,-150.25574194522488,-0.046792623527174726,0.007837381948422081
2013.7588430595824,-106.38308411385565,-150.38308219561281,-0.002900058167302433,0.02524677351312445
2015.7588430595824,-106.38001255283558,-150.3800073470274,0.0124457772861426,0.02175100991126872
2017.7588430595824,-106.1927119335738,-150.19270569216508,0.004433245685984133,-0.02157980390141947
2019.7588430595824,-106.15618278929317,-150.15617572693574,-0.010808824100088543,-0.033377515114058724
2021.7588430595824,-106.3476235978098,-150.34761623012494,-0.04438376561047619,-0.0028197295016830983
2023.7588430595824,-106.46648100850788,-150.4664779398281,-0.034033883683388666,0.021733063555428617
2025.7588430595824,-106.54777411522346,-150.5477758170489,-0.004805457829284876,0.022616436043800123
2027.7588430595824,-106.42844008364202,-150.42844679640285,0.016192141538716953,0.003340863866252141
2029.7588430595824,-106.38605493837596,-150.38605989275922,0.008248745719953376,-0.01608847561489638
2031.7588430595824,-106.33693863219378,-150.33694080751837,-0.02672416644553266,-0.02477378764006662
2033.7588430595824,-106.48178657742321,-150.48178585128926,-0.026513608243064368,-0.0012896991338556215
2035.7588430595824,-106.64224088092399,-150.6422401279671,-0.01056031860249007,0.03287675596155857
2037.7588430595824,-106.59816928023585,-150.59816875870374,-0.0027530877975650014,0.013171169781570916
2039.7588430595824,-106.42142338086528,-150.4214233563383,0.012285745579085017,-0.02145436601242038
2041.7588430595824,-106.50381129923231,-150.50381055366978,0.01592712191156309,-0.0038297573207865246
2043.7588430595824,-106.54395595921,-150.54395416333443,-0.013897951666177022,0.008364951350470792
2045.7588430595824,-106.47075491736267,-150.47075178341123,-0.008845560272799702,-0.008554122436760596
2047.7588430595824,-106.53261072416352,-150.5326069696677,-0.0011543663170385798,-0.0019955783780116086
2049.7588430595824,-106.57457877319567,-150.57457503585218,-0.014308361133462455,0.005821938015828331
2051.7588430595824,-106.55319221620127,-150.55318909387074,7.036307824392907e-06,0.002576283679099754
2053.7588430595824,-106.58522052549095,-150.58521867247893,0.022967709990499685,0.012804176631225845
2055.7588430595824,-106.53255149999842,-150.53255067920512,0.034206696569434314,0.014498092723391611
2057.7588430595824,-106.39083345434453,-150.39083335592818,0.042832366316677195,-0.002874068584670995
2059.7588430595824,-106.27953552131525,-150.27953552131527,0.024019094379632122,-0.019600383411776244
2061.7588430595824,-106.24255974194551,-150.2425597419455,0.009609933448416541,-0.013727333383962488
2063.7588430595824,-106.34039792416806,-150.34039792416806,0.004404353883547429,0.009809691859482468
2065.7588430595824,-106.31395577344851,-150.31395388834085,0.006844941566544804,0.01234587140668891
2067.7588430595824,-106.24430506437322,-150.2443006902469,0.007243214793000163,-0.00838988658245161
2069.7588430595824,-106.18780707163725,-150.18780020941315,-0.00993653103515868,-0.02073440450151707
2071.7588430595824,-106.28245811662448,-150.28245220582406,-0.0047134792617278265,0.0024121194311594483
2073.7588430595824,-106.39344956323866,-150.39344613662212,-0.0007385498272363122,0.025336445257631013
2075.7588430595824,-106.2820094680982,-150.2820085243407,0.0021942074124154942,0.0010416359982734313
2077.7588430595824,-106.19371014465698,-150.19370860803105,0.005796391080050256,-0.02206788336444891
2079.7588430595824,-106.26490256227441,-150.26489854652473,-0.005901714332622987,-0.005089338496732018
2081.7588430595824,-106.34708150106334,-150.34707500798172,-0.006440983953861945,0.01594931549009307
2083.7588430595824,-106.32922852999614,-150.3292222390017,0.0030623824464441896,0.009571518137306886
2085.7588430595824,-106.24524029682543,-150.24523647966194,0.01562832941071335,-0.004913850951761664
2087.7588430595824,-106.24040083260681,-150.24039948695318,0.018958172813377416,-0.0016228825947765184
2089.7588430595824,-106.22204934990151,-150.222048372696,-0.007294732329629738,-0.0065453570803009065
2091.7588430595824,-106.17756033478551,-150.17755685649468,-0.029386548093636833,-0.022519425933068923
2093.7588430595824,-106.3035992141901,-150.30359433829898,-0.03611618532624661,-0.007849483904566303
2095.7588430595824,-106.47549618105269,-150.47549187170227,-0.028736146850715016,0.02284550007412854
2097.7588430595824,-106.510979872867,-150.51097785530598,-0.003292129145307854,0.02427648038524788
2099.7588430595824,-106.40744658021268,-150.4074460313004,0.012762459120772007,-0.002123981536393643
2101.7588430595824,-106.32993164940939,-150.32993137146144,0.003823433681795052,-0.020718639320356214
2103.7588430595824,-106.373393814138,-150.3733921987361,-0.021803203122733095,-0.01514752810804439
2105.7588430595824,-106.48039376997653,-150.48039038585162,-0.05719623682490749,-0.009742893044473908
2107.7588430595824,-106.5818766237427,-150.58187165628226,-0.04442342661489107,0.0038368555730408575
2109.7588430595824,-106.78750447359285,-150.7875012660607,0.009019433101673968,0.042893342399257656
2111.7588430595824,-106.72878107045642,-150.72877961165523,0.07407713263071258,0.054949147118280264
2113.7588430595824,-106.40823479307605,-150.40823492103823,0.10253460571304629,0.003798943139588629
2115.7588430595824,-105.98925728567762,-149.98925459523656,0.06574068517049625,-0.05918618060536441
2117.7588430595824,-105.96722900795314,-149.96722442035633,0.011160490915468557,-0.049536811637221255
2119.7588430595824,-106.2028596848536,-150.20285413029126,-0.06036309706325227,-0.0034626640390737176
2121.7588430595824,-106.31895450574144,-150.31895099371448,-0.07632169827458313,0.005754618389466454
2123.7588430595824,-106.47216101881695,-150.47215937174258,-0.061216184983198474,0.003037969871748321
2125.7588430595824,-106.57779826406133,-150.577798006553,-0.04532333575080827,0.00966441441240145
2127.7588430595824,-106.69258296186524,-150.69258361015684,-0.006623822438925231,0.02423952330033386
2129.7588430595824,-106.68153661579362,-150.68153767972095,0.006245966233219491,0.01608950072574432
2131.7588430595824,-106.52514896932246,-150.52514995125398,0.008606038221870449,-0.016624341322549113
2133.7588430595824,-106.52782852440936,-150.52783027668724,0.0060537876898791865,-0.016185641760637175
2135.7588430595824,-106.6237316301703,-150.62373530438188,0.004755298266722718,0.014700319647089679
2137.7588430595824,-106.63310128286057,-150.6331073782019,0.03203905323635681,0.02913429322864317
2139.7588430595824,-106.48710132775425,-150.4871075651202,0.04184509245441603,0.0038340043325502723
2141.7588430595824,-106.27151505573224,-150.27151785079639,0.02630032191259346,-0.03201530641171166
2143.7588430595824,-106.28897573093559,-150.28897456474655,0.015133596389013348,-0.01719391973873204
2145.7588430595824,-106.42270937558743,-150.42270480290117,-0.010302555046752815,0.013744903051197264
2147.7588430595824,-106.3660442139754,-150.3660387940081,-0.015008296236384666,0.0021281614497932477
2149.7588430595824,-106.35394456652178,-150.3539382911704,-0.03846140985498536,-0.027764888048167024
2151.7588430595824,-106.40904807405765,-150.40904093463763,-0.05413057078139616,-0.02159503429807282
2153.7588430595824,-106.73040332823065,-150.73039608174105,-0.04022775535760914,0.026878075685888854
2155.7588430595824,-106.79908972573243,-150.79908336025926,-0.013438499092291778,0.04202466908475192
2157.7588430595824,-106.67576580941342,-150.67576033403128,0.030364291140962507,0.008341138776206085
2159.7588430595824,-106.51660655678566,-150.51654892737596,0.029048784115413895,-0.02076612183574715
2161.7588430595824,-106.4876306461992,-150.48748175261335,-0.002648888933592275,-0.024859005504562572
2163.7588430595824,-106.5669687195866,-150.56669308733595,-0.024723167085653586,-0.0060879809145338165
2165.7588430595824,-106.69961404309818,-150.69695144550002,0.004834593546423349,0.028600005663642653
2167.7588430595824,-106.72080743501785,-150.7143342640612,0.04560533609046047,0.041129434065107086
2169.7588430595824,-106.45959349743111,-150.44880500424196,0.06687249738364542,0.0024018144138486163
2171.7588430595824,-106.22011166915446,-150.20185039861227,0.05938496410406913,-0.0341869973204626
2173.7588430595824,-106.19092516852986,-150.16197146643086,0.01924872657616916,-0.026215257929360705
2175.7588430595824,-106.27943579495188,-150.23925455122864,-0.007793510015236649,0.0007786931230244161
2177.7588430595824,-106.34781788176291,-150.2948151916326,-0.015075757740135032,0.00906449635725683
2179.7588430595824,-106.33426390749555,-150.26419847873416,0.006536507655948043,0.006385835500629033
2181.7588430595824,-106.3702780548503,-150.28257752835194,0.023255061808910682,0.010089637205991209
2183.7588430595824,-106.29292411887971,-150.18696248998106,0.026950617434465585,0.0038166511127189656
2185.7588430595824,-106.2379719081731,-150.10877469716132,0.050173333402931064,0.003348660156454712
2187.7588430595824,-106.20221009194009,-150.04859353925843,0.04787563542060269,0.006618929197188562
2189.7588430595824,-106.05988848061168,-149.8811908611285,0.03405123680290245,-0.01140252374272594
2191.7588430595824,-106.01117198178868,-149.80395740661623,0.036204292795957826,-0.012452878230495647
2193.7588430595824,-106.07415086590903,-149.8363648027381,0.05773625664080484,0.02314902455918965
2195.7588430595824,-106.02791543761685,-149.75895919689077,0.10430666856359849,0.04577941768151641
2197.7588430595824,-105.72152468796784,-149.41930080800205,0.12026643769098655,0.007829732643241863
2199.7588430595824,-105.30826727017953,-148.96950405810745,0.10966754742402784,-0.04306880619408861
2201.7588430595824,-105.25069314571823,-148.8742333012102,0.05460072970535634,-0.0406511518358559
2203.7588430595824,-105.29664185809456,-148.88161881749855,0.01940583628421777,-0.0012820126828593165
2205.7588430595824,-105.4405495588638,-148.9824949703592,0.04591606880197219,0.036375647067017944
2207.7588430595824,-105.31593216318028,-148.8142573678337,0.0634936704268938,0.023186301297539767
2209.7588430595824,-105.0528423869427,-148.50690475079443,0.09133340570630111,-0.01361140466186938
2211.7588430595824,-104.9673980321169,-148.3736694540834,0.09499721918848181,-0.007473485338507701
2213.7588430595824,-104.89480467666755,-148.2518277247088,0.08356596659027815,0.009795568447853318
2215.7588430595824,-104.7477988018801,-148.05427961432585,0.10376240916737345,0.011766928634028577
2217.7588430595824,-104.58466384262861,-147.8383770180722,0.11338930347461229,0.004918159036937934
2219.7588430595824,-104.34524288854848,-147.5435701807444,0.09171849672487298,-0.017754921200540324
2221.7588430595824,-104.20249654707705,-147.3447132969119,0.06873210089374027,-0.02714930355984974
2223.7588430595824,-104.23536055418398,-147.32053164052687,0.05035234766774721,-0.0026933941223861346
2225.7588430595824,-104.2641938722833,-147.2885202109223,0.05546769611223468,0.02061450327882929
2227.7588430595824,-104.17826975584444,-147.14075139940243,0.08425243556792594,0.019446262477035237
2229.7588430595824,-104.00154674352794,-146.900971728014,0.10478935166049297,0.0038869177848889864
2231.7588430595824,-103.8127554899106,-146.64651215598346,0.11171267061622459,-0.0058143883258096355
2233.7588430595824,-103.68403206374295,-146.45020539763834,0.10870524204352705,-0.0019583555971209657
2235.7588430595824,-103.54928492927348,-146.24705003447264,0.0940434029695183,-0.002872867404823228
2237.7588430595824,-103.40319834305254,-146.0313297916658,0.11223039147943226,0.0036858868917769277
2239.7588430595824,-103.33871576751817,-145.8941649322273,0.13659508173852686,0.023525427589536924
2241.7588430595824,-103.07121542953811,-145.55236226580288,0.12173645223108664,0.0009755197776509661
2243.7588430595824,-102.74782362355961,-145.15428938056442,0.11539153195083074,-0.03410523809698327
2245.7588430595824,-102.72882061614774,-145.0574381738171,0.11148294573855466,-0.006011618500151957
2247.7588430595824,-102.72157929274007,-144.97103267662067,0.12820382660227736,0.04019966797801651
2249.7588430595824,-102.4906920434847,-144.66049869989445,0.16744206835828734,0.032718034354577714
2251.7588430595824,-102.04046354653278,-144.1286587677462,0.18533591684852624,-0.012004954059499705
2253.7588430595824,-101.71437222490356,-143.7179016269508,0.165430500051567,-0.03371589049763663
2255.7588430595824,-101.57012041470963,-143.48834534183246,0.11610617864926454,-0.021548884403664193
2257.7588430595824,-101.50501214473132,-143.3370546994819,0.09295007204173089,-0.001116331528639816
2259.7588430595824,-101.45718702808183,-143.1998093385521,0.11671137888132321,0.021840912287947822
2261.7588430595824,-101.32158653646846,-142.97430105061696,0.14377647957987705,0.025741735587749646
2263.7588430595824,-100.99258994351095,-142.55465431078187,0.21409864260548872,0.024688145177367348
2265.7588430595824,-100.71823257706481,-142.1868428628429,0.21797513170324478,0.009845347222163018
2267.7588430595824,-100.11378173862497,-141.48702019770818,0.16666955069263167,-0.04810134146845486
2269.7588430595824,-99.95336343092049,-141.230499996991,0.1736640394353408,-0.03128492799759412
2271.7588430595824,-100.04101836370675,-141.22129790524082,0.12485114839792288,0.02854037104247534
2273.7588430595824,-99.71675371684432,-140.79753054736017,0.11302473158567139,0.002346085893500209
2275.7588430595824,-99.50776237152338,-140.4882110105248,0.13699409312796007,-0.0225023860831013
2277.7588430595824,-99.44804402063954,-140.32630214430563,0.12043916862138815,0.0012879097094911172
2279.7588430595824,-99.35089426445614,-140.12534516021714,0.12890057677541478,0.01862591962999509
2281.7588430595824,-99.16510212974123,-139.83401719838906,0.16955636663995932,0.02227510129723909
2283.7588430595824,-98.8943536584458,-139.45700639632147,0.20925378776955839,0.019771808066549313
2285.7588430595824,-98.51392609306956,-138.96985121118595,0.2199233829085685,0.001808186486258615
2287.7588430595824,-98.10505982768358,-138.45131485806067,0.22068010193110155,-0.014313190730625867
2289.7588430595824,-97.83967656478293,-138.07463013512051,0.2057757340745141,-0.008471067448301464
2291.7588430595824,-97.5684041073153,-137.69156558087266,0.1798661474941099,-0.004800742480567038
2293.7588430595824,-97.31363120515562,-137.32364533858984,0.17396804919013675,-0.006587756923946061
2295.7588430595824,-97.11738897175121,-137.0123856781078,0.16993735422706635,6.821317422152358e-05
2297.7588430595824,-96.90358626883634,-136.68288574159942,0.17301036148811022,0.00613282384197998
2299.7588430595824,-96.66974730500404,-136.33206674705613,0.17072658936851326,0.0003097858262608222
2301.7588430595824,-96.39662346015761,-135.93956244668496,0.1747857425078294,-0.005278800892608755
2303.7588430595824,-96.2239395747442,-135.64657296315968,0.18734727808351792,0.007584139011711259
2305.7588430595824,-95.98296177436445,-135.28459980153679,0.1853436776024715,0.01026790128109276
2307.7588430595824,-95.6538455309668,-134.833288522388,0.21570016878009568,0.005781389623659215
2309.7588430595824,-95.40143817115359,-134.4568130258652,0.24008665069433022,0.015234007158677159
2311.7588430595824,-94.99112024751477,-133.92097161291892,0.2313714349115834,0.0015222470983392244
2313.7588430595824,-94.56023918882264,-133.36390659598214,0.22391099662801395,-0.022913214326106723
2315.7588430595824,-94.30645695735863,-132.98231704309532,0.19635483652538355,-0.018097735189098317
2317.7588430595824,-94.1184972998019,-132.66552505284108,0.18585698686746,0.00535115385084641
2319.7588430595824,-93.93257168800908,-132.35013292071585,0.18917147096308184,0.014763201628655749
2321.7588430595824,-93.59054747846898,-131.87705070104246,0.2117832724657589,0.006865314939255553
2323.7588430595824,-93.31538492717566,-131.46894527539067,0.23057899330496312,0.004756696096740985
2325.7588430595824,-92.95138122116495,-130.971258873115,0.22675520894068768,0.0001424956476712238
2327.7588430595824,-92.62003301876331,-130.50550097427615,0.235213045995323,-0.0026048786436995955
2329.7588430595824,-92.31294948426333,-130.06300902951696,0.241730686078661,0.006735224385698742
2331.7588430595824,-91.97451086922592,-129.58724090742808,0.2351347175451899,0.0025688879773653303
2333.7588430595824,-91.56321048453917,-129.03741338448572,0.23057535419620123,-0.011946520850029918
2335.7588430595824,-91.28936833968463,-128.62442323391463,0.21951820258775712,-0.009871075431573697
2337.7588430595824,-91.02382510675919,-128.21840619594735,0.20437611163160696,-0.00017665947037620307
2339.7588430595824,-90.77782093803074,-127.83109528672603,0.21742555514558148,0.008907722959941546
2341.7588430595824,-90.49136837857878,-127.40240449143286,0.2155838094983391,0.005410174707354752
2343.7588430595824,-90.11754001990535,-126.88501879274997,0.2297506481674283,-0.003132932937995704
2345.7588430595824,-89.87141547695369,-126.49373571996064,0.239089107387219,0.00548406641067865
2347.7588430595824,-89.51641450142768,-125.9930901013866,0.22988839932853367,0.00319640563827912
2349.7588430595824,-89.15916528976544,-125.48969163233511,0.2397776662563551,-0.00516491357170982
2351.7588430595824,-88.86259733803912,-125.0459115981217,0.24847171893015307,0.00533677122670848
2353.7588430595824,-88.54137902264675,-124.5755143899098,0.25053229617106965,0.010034568570799263
2355.7588430595824,-88.12101453982234,-124.00531634994537,0.2612131011301013,0.0004819822716830188
2357.7588430595824,-87.75162428013289,-123.48543326296655,0.2632709587817157,-0.004182380415745229
2359.7588430595824,-87.37380682665193,-122.9562067890809,0.2479971233997933,-0.006528670484174968
2361.7588430595824,-87.03935852147595,-122.46934671965607,0.23945136976775672,-0.006700656688247878
2363.7588430595824,-86.7451055526195,-122.02133936274703,0.23695698232140217,0.0014926030327691783
2365.7588430595824,-86.44803487117565,-121.5698223048245,0.2451084893663502,0.009266226705786643
2367.7588430595824,-86.09419773057533,-121.06055093050968,0.25958791508133316,0.008791919541849385
2369.7588430595824,-85.69808849069454,-120.50847880472527,0.2641144927166046,-0.0005519430249373754
2371.7588430595824,-85.29108361249075,-119.94463604209636,0.2751787286340903,-0.0017029502926736305
2373.7588430595824,-84.96154251150139,-119.45690636309166,0.2734409080453748,0.004733240070866667
2375.7588430595824,-84.52293627342719,-118.85912110143695,0.25913410139892434,-0.005553634659706641
2377.7588430595824,-84.14434629965831,-118.32095154036227,0.25862550126589845,-0.01150790849142635
2379.7588430595824,-83.8550670575926,-117.87156323090497,0.2671499330415372,0.009135046347710988
2381.7588430595824,-83.5325326011597,-117.38790235296447,0.2715519230239778,0.017206881239723804
2383.7588430595824,-83.02893708967676,-116.72192163710466,0.27125458184317175,-0.0072618601015224885
2385.7588430595824,-82.61866189458948,-116.14853615617045,0.2672126529836305,-0.01921963106900353
2387.7588430595824,-82.33530846507682,-115.7015265761596,0.263074411473756,0.0036069697367066542
2389.7588430595824,-82.0481513650634,-115.25020112909543,0.2659837282438353,0.01868269559494893
2391.7588430595824,-81.58088357653608,-114.61732634531461,0.27480527208495253,0.0016833648400792604
2393.7588430595824,-81.15059285855423,-114.02066633021977,0.2815120139333054,-0.01153751401397309
2395.7588430595824,-80.79969032458769,-113.50308439947997,0.25977660197862207,-0.008515564111534793
2397.7588430595824,-80.46200899181322,-112.99810501762899,0.2412776944149293,-0.006596951110604396
2399.7588430595824,-80.17080751103806,-112.53911352948563,0.23859191805166624,-0.0011047371297683158
2401.7588430595824,-79.89143966445077,-112.09044477490033,0.24611062244344595,0.00878742343507153
2403.7588430595824,-79.56516429486688,-111.59434905506664,0.2553770559132289,0.008725606480167224
2405.7588430595824,-79.17032935444446,-111.02922003808142,0.26374031509954143,-0.0007078127284405736
2407.7588430595824,-78.8077825641611,-110.4960970821798,0.2831728000728386,0.003834556077738585
2409.7588430595824,-78.46358697846524,-109.980522254104,0.29752758371927257,0.015564735906353171
2411.7588430595824,-77.98474806130503,-109.32896665448393,0.30821993734534203,0.007172662409612844
2413.7588430595824,-77.47752585856698,-108.64899936832724,0.31186348401016417,-0.009142858672471386
2415.7588430595824,-77.03199763190715,-108.03033758341707,0.290875271829961,-0.014953603121636088
2417.7588430595824,-76.66103461153267,-107.48561438202269,0.2806662465968337,-0.004542786765241294
2419.7588430595824,-76.35242386647325,-107.00196447984425,0.2806622097125988,0.010517581355475132
2421.7588430595824,-75.92974260966267,-106.40366939555257,0.282207565859137,0.0052242912341434735
2423.7588430595824,-75.48706024926437,-105.78503990571627,0.28639676440557515,-0.00792269972410629
2425.7588430595824,-75.10604562478588,-105.2279538551496,0.2670602523113086,-0.012115352002578909
2427.7588430595824,-74.76541485281678,-104.71079036459965,0.23254473621676475,-0.016640900631955904
2429.7588430595824,-74.49982991661982,-104.2671873770621,0.2331675669804305,-0.0032439188260274497
2431.7588430595824,-74.33535443090254,-103.92468201598216,0.2679063523266709,0.03216528207411065
2433.7588430595824,-73.95149596396432,-103.36261331930615,0.3060814809709562,0.03494493179423864
2435.7588430595824,-73.33521972843674,-102.56753954598628,0.36388418610024686,0.010206417235515158
2437.7588430595824,-72.76577175981464,-101.81853552929445,0.3757139655663675,-0.004226860729672886
2439.7588430595824,-72.14080547144917,-101.01360852718018,0.3264018252837353,-0.0266672741773653
2441.7588430595824,-71.6647054799566,-100.35690159477521,0.29838929234963985,-0.029485312237070457
2443.7588430595824,-71.44477245859585,-99.9563249437164,0.29029439245284117,0.011502540190455475
2445.7588430595824,-71.10044647418638,-99.43142119049733,0.2863069886102636,0.024406764336406532
2447.7588430595824,-70.54218174130389,-98.69125338755745,0.2986767941521169,-0.0077374302152579824
2449.7588430595824,-70.09949748178035,-98.0664456858931,0.28625861355066995,-0.024429193938412173
2451.7588430595824,-69.78232235452832,-97.56691059049946,0.2546610717148319,-0.012023885798844194
2453.7588430595824,-69.53968707442337,-97.14135228209197,0.23512066317899816,0.0017744951251877261
2455.7588430595824,-69.23572465047087,-96.6539648138388,0.2533555995663477,0.011440548647401398
2457.7588430595824,-68.95072868199996,-96.18548038046112,0.28900908285491234,0.022183892954539566
2459.7588430595824,-68.48954717624851,-95.54006579396868,0.3016378623299847,0.010163385912191198
2461.7588430595824,-67.96275555901681,-94.82927961925267,0.3227115886721492,-0.007041205815812794
2463.7588430595824,-67.5584741487123,-94.24086191519892,0.3211119540148619,-0.0015920275095867792
2465.7588430595824,-67.10682350327325,-93.60378767108392,0.31039320778765145,0.0017510545350634696
2467.7588430595824,-66.65945777748857,-92.97117016184978,0.28958436586696124,-0.012335527345039843
2469.7588430595824,-66.21950155269806,-92.34613395695146,0.2683998121353426,-0.020727208835462373
2471.7588430595824,-65.98316551300053,-91.92418698826323,0.26620140626185673,0.0020103721945833996
2473.7588430595824,-65.70184921156866,-91.45658917400118,0.28559803097150116,0.028098861422411525
2475.7588430595824,-65.2728731222794,-90.84155891175493,0.30332264902637895,0.014312790758449134
2477.7588430595824,-64.67942595416697,-90.06134970917945,0.3061159286344246,-0.01866314156177722
2479.7588430595824,-64.30148566381956,-89.4976057960522,0.3059254689567954,-0.013143697237751037
2481.7588430595824,-63.998576832626156,-89.00766174492578,0.2954138903492858,0.014109262063422542
2483.7588430595824,-63.57276671684615,-88.39415516010057,0.3228722954616785,0.02025619357948727
2485.7588430595824,-63.06400094327086,-87.69803858638517,0.3432025584083913,0.006683425377187289
2487.7588430595824,-62.46735237573194,-86.91462743235877,0.34649363087787854,-0.009865247982543937
2489.7588430595824,-62.00283510651169,-86.26204127765865,0.32681756841575016,-0.013818799987241547
2491.7588430595824,-61.55081345013511,-85.62220611307754,0.303833345581646,-0.008440628143276473
2493.7588430595824,-61.19983105660471,-85.08349803905917,0.3162941056495061,0.009385997011893178
2495.7588430595824,-60.78857148146551,-84.4839606677056,0.32654808327548324,0.018033339752070266
2497.7588430595824,-60.22418780653004,-83.7316884324626,0.33267606536503,-0.0022538392415037173
2499.7588430595824,-59.69043370657441,-83.00982144687367,0.31706965545542865,-0.02228838198617022
2501.7588430595824,-59.2913136968071,-82.42208951613893,0.3041209553281412,-0.010193050203536532
2503.7588430595824,-59.00485583017417,-81.94740342406217,0.2991850400220031,0.014764194776544592
2505.7588430595824,-58.54504994207524,-81.29872078983747,0.3090838012106243,0.012314634572661652
2507.7588430595824,-58.05145718379988,-80.61634112669765,0.3180094034501497,-0.0063853660573317175
2509.7588430595824,-57.57256244642794,-79.94941910645393,0.29218554137209196,-0.019960078483527762
2511.7588430595824,-57.214487989362695,-79.40332819646098,0.26767268639045305,-0.016036292624072166
2513.7588430595824,-56.96170801888397,-78.96123645886074,0.2464205317268071,-0.00028611289889182614
2515.7588430595824,-56.663512855146905,-78.47495963557402,0.2539514333913342,0.009951600331134737
2517.7588430595824,-56.35507143275176,-77.97805485263947,0.28492821553077796,0.017404502534176067
2519.7588430595824,-55.93697507180801,-77.3717167293303,0.3186983430229091,0.01854746553742232
2521.7588430595824,-55.43572268436556,-76.68181073461452,0.33519975805908864,0.0047472077378301345
2523.7588430595824,-54.86839260596892,-75.92537289139075,0.3312743726707019,-0.012964185168828178
2525.7588430595824,-54.427413150965094,-75.29645678816676,0.3147969857724622,-0.013686684016976095
2527.7588430595824,-54.03987566724915,-74.72152174796469,0.2901330162850062,-0.004796658892008127
2529.7588430595824,-53.67091458629427,-74.16343484843482,0.27778923370843245,-0.0024447537318393574
2531.7588430595824,-53.300376070240205,-73.6043087611107,0.2951496552204276,0.006990184309352325
2533.7588430595824,-52.957592445982144,-73.0741429184993,0.3072222812545391,0.015241622180231394
2535.7588430595824,-52.43129636637198,-72.36032450620127,0.3249877567412991,0.006017736756177639
2537.7588430595824,-51.965076459129435,-71.7056565983985,0.33780181537675347,-0.0018366988028232928
2539.7588430595824,-51.45198619216622,-71.00440670718031,0.32818647147874636,-0.004628863065473654
2541.7588430595824,-51.00701202934398,-70.37172839548528,0.32289227537410525,-0.004562995932707566
2543.7588430595824,-50.55563342712003,-69.7348327343713,0.3112031063268308,-0.0026944398723939733
2545.7588430595824,-50.13082428658281,-69.12251839540566,0.3060198097139182,-0.002746624175571879
2547.7588430595824,-49.71010676651999,-68.51478185656566,0.29527400421988936,-0.004295517101579134
2549.7588430595824,-49.305290716606436,-67.92356991777393,0.30415128974823524,0.0019327787839205004
2551.7588430595824,-48.94197365382442,-67.37264070061218,0.30785561211035173,0.009742785212062708
2553.7588430595824,-48.44433867767043,-66.68930807741978,0.30471370087329497,-0.001685730085183589
2555.7588430595824,-47.9921746110504,-66.05193695968285,0.297018494634111,-0.01460413899860314
2557.7588430595824,-47.611483660101854,-65.48586031078757,0.2673304295776635,-0.015116659093301383
2559.7588430595824,-47.30817713881888,-64.99649274353929,0.25770813010369054,-0.0027935928528489175
2561.7588430595824,-47.048471757537115,-64.55066464079847,0.2937965978224524,0.02649536674805922
2563.7588430595824,-46.67222588494729,-63.990271918853324,0.3204871279018411,0.029764407378571812
2565.7588430595824,-46.00117154830307,-63.13548752820795,0.34466740944587926,-0.0038562543311795967
2567.7588430595824,-45.48340076157178,-62.432595720324564,0.34275033420705725,-0.019753201774189287
2569.7588430595824,-45.028543576784216,-61.79332536523144,0.28829319675419196,-0.020957369522178904
2571.7588430595824,-44.66713134278665,-61.248269245196866,0.2593745495249209,-0.01664581696582314
2573.7588430595824,-44.430539851426694,-60.82914195417442,0.25595844349228347,0.006779285431158811
2575.7588430595824,-44.1415609598218,-60.3575993241252,0.2760660014722571,0.023913999973085028
2577.7588430595824,-43.71181807494229,-59.74565781729317,0.2958845182920795,0.011027365053338485
2579.7588430595824,-43.18781009528133,-59.03974123341881,0.3157164034095148,-0.005960952664357038
2581.7588430595824,-42.79241830905208,-58.46206580783778,0.3175972487564236,-0.0014288289197044485
2583.7588430595824,-42.344121037238196,-57.83186809684908,0.3057788040835927,0.0016661943545862418
2585.7588430595824,-41.89715843888534,-57.20487982724178,0.3229662272240761,0.003735431998078051
2587.7588430595824,-41.46584718610143,-56.59351080075007,0.32014847494628906,0.004560726527113718
2589.7588430595824,-40.93108897711289,-55.87833599004517,0.295401778175135,-0.015980376776345742
2591.7588430595824,-40.50319256621068,-55.270680297278766,0.28819435767940327,-0.018858977186962583
2593.7588430595824,-40.25315725658094,-54.8416656018407,0.27498826551703726,0.00709099878891473
2595.7588430595824,-39.87823642574092,-54.28795593931484,0.27790336426982254,0.01440997981310868
2597.7588430595824,-39.44637067227951,-53.678429865908875,0.3079569516546723,0.007484442216296553
2599.7588430595824,-38.99220613114533,-53.047453383120185,0.31741323726703374,0.0031551549746033514
2601.7588430595824,-38.4991996189382,-52.378009988603324,0.3063477569624462,-0.008197893450814156
2603.7588430595824,-38.04647935820227,-51.74865004117857,0.27202426324833695,-0.023663707452555614
2605.7588430595824,-37.701691211799414,-51.227647810209305,0.25010422009354283,-0.01711265918195426
2607.7588430595824,-37.52091507440228,-50.87125927713349,0.24181215712494275,0.010314456677723238
2609.7588430595824,-37.20092357623181,-50.37717622785498,0.25483743334516795,0.019208545181661464
2611.7588430595824,-36.81164190222202,-49.81415278417903,0.2892559717437564,0.011071491383017152
2613.7588430595824,-36.359876733712454,-49.18894834344796,0.3075693214635491,0.0045897320031605855
2615.7588430595824,-35.90128731263136,-48.55721150318344,0.3035607660492152,-0.004676240399773391
2617.7588430595824,-35.43348116511078,-47.91662165614659,0.27850603104128613,-0.017690185062068094
2619.7588430595824,-35.074602510240815,-47.38566665578531,0.27182243681645346,-0.00946385481884186
2621.7588430595824,-34.82046160247188,-46.96090009511767,0.2598276516218636,0.009473298054099985
2623.7588430595824,-34.412199465084186,-46.38263200865181,0.2545905440558309,0.0017436932988367877
2625.7588430595824,-34.03688580819107,-45.83800044317168,0.24984134931767077,-0.014101088124509593
2627.7588430595824,-33.71647667505234,-45.34894230333866,0.23949503430702368,-0.008704178275901982
2629.7588430595824,-33.49811774881883,-44.962169300576306,0.25881861803874706,0.018083297563679195
2631.7588430595824,-33.17038565104126,-44.46667173419562,0.27871890025362056,0.025989135272054178
2633.7588430595824,-32.63819604775914,-43.7674514988617,0.29687786970617314,-0.0007935945582752175
2635.7588430595824,-32.155724730211574,-43.119191101309696,0.2980473522525351,-0.01708501945251206
2637.7588430595824,-31.78881399803042,-42.58714634292692,0.2814657909225122,-0.006069839941182606
2639.7588430595824,-31.448611255303348,-42.08229291617534,0.3021562471263177,0.01882924136213893
2641.7588430595824,-31.046085677795165,-41.515725171481606,0.3141056628881129,0.020081162138254973
2643.7588430595824,-30.39496844435528,-40.701941124299154,0.2775202770771372,-0.0302255916357985
2645.7588430595824,-29.929546451082643,-40.07430103982202,0.2661235672528326,-0.04252014939156171
2647.7588430595824,-29.879050229831485,-39.86213069955824,0.22348067139244243,0.0062871920968634795
2649.7588430595824,-29.56377087500651,-39.386736633458945,0.21280979829912905,0.019144227367983838
2651.7588430595824,-29.250488539786318,-38.914095753159614,0.25552054596538465,0.00841814961064442
2653.7588430595824,-28.866881817066904,-38.371822653428985,0.2589598963803441,0.0023730377498177428
2655.7588430595824,-28.470945110321676,-37.817966331835166,0.2619056624064564,-0.005488996281247295
2657.7588430595824,-28.125202193544226,-37.31505746241619,0.2453191349399626,-0.00864413140234806
2659.7588430595824,-27.785546043859146,-36.81885045390796,0.21591014400088682,-0.015815697331717473
2661.7588430595824,-27.531682473314998,-36.409269573909285,0.21835949074835082,-0.003770854529799965
2663.7588430595824,-27.367271184111956,-36.09068517982807,0.24716184558247978,0.02978929370083506
2665.7588430595824,-26.998108313336317,-35.568181536429385,0.25300024077423444,0.019465559648270264
2667.7588430595824,-26.424420659153157,-34.841555689248125,0.2794791842733826,-0.014651844063336968
2669.7588430595824,-26.119004901362576,-34.38526764771541,0.2832288995287202,-0.005566698335898126
2671.7588430595824,-25.738973792974313,-33.85485170564101,0.26796093366306106,0.009591132678224474
2673.7588430595824,-25.33637109975012,-33.302350340199624,0.2744826063582142,0.0016829134552576426
2675.7588430595824,-24.880418480796543,-32.697868219943636,0.24662988237264827,-0.019501865635456153
2677.7588430595824,-24.51972405546893,-32.189406796849696,0.22703166533392682,-0.023742966232780823
2679.7588430595824,-24.35928499263003,-31.881812646659824,0.2118603110820021,0.003673151316914904
2681.7588430595824,-24.108899135260256,-31.48609701752821,0.20542343342284175,0.013908394819021718
2683.7588430595824,-23.76994351447226,-31.00298573128762,0.2248761384747051,0.002400346328786397
2685.7588430595824,-23.45660448599722,-30.54601932946696,0.2383226211570344,0.0015202569224842567
2687.7588430595824,-23.135959617600495,-30.082803538862184,0.24088127898875866,0.004978345856498912
2689.7588430595824,-22.773864717253847,-29.579516048271934,0.23238695486580907,-0.004268993019670897
2691.7588430595824,-22.410996429490257,-29.07593549937755,0.22966763351998631,-0.010206577994180368
2693.7588430595824,-22.161818201287133,-28.68692369054049,0.22563674098552244,0.001155006980218645
2695.7588430595824,-21.857973588766445,-28.245462470702293,0.21263619852318305,0.0023479436137529993
2697.7588430595824,-21.524081974779342,-27.774422120387754,0.21779879057109808,-0.004816549220562872
2699.7588430595824,-21.26099212208766,-27.374845911192086,0.2216668560517272,0.001867070173867398
2701.7588430595824,-20.965313495754774,-26.944533365971704,0.23216287132820312,0.011410488677300688
2703.7588430595824,-20.62748494087946,-26.472127622288475,0.2523085127107145,0.012137239001364148
2705.7588430595824,-20.206993559543484,-25.91711914976213,0.26299572397459725,0.0027779451378821926
2707.7588430595824,-19.78750624830488,-25.35637780950637,0.24803724362490032,-0.014126599710045616
2709.7588430595824,-19.414396436533817,-24.840567574174926,0.22853886776440158,-0.018807002923477697
2711.7588430595824,-19.204651404547032,-24.487829673289273,0.2009086421856754,-0.007646581819340341
2713.7588430595824,-18.95330557122037,-24.088808207646917,0.189396179565267,0.0006906749559141249
2715.7588430595824,-18.76332229977892,-23.749108672020967,0.21146946666944633,0.012543841713161353
2717.7588430595824,-18.489371443332114,-23.32539813765279,0.2239528939128408,0.015378815723081446
2719.7588430595824,-18.11149415662169,-22.796073939933702,0.23514703444242535,-0.0014351598140927835
2721.7588430595824,-17.76520960596268,-22.29718505634419,0.23322062794828868,-0.011006243911161047
2723.7588430595824,-17.488396610766564,-21.867932396481564,0.22236758407198165,-0.0044963153619369325
2725.7588430595824,-17.232567780600984,-21.45963311406648,0.216960098342458,0.003533641240727277
2727.7588430595824,-16.94254989630194,-21.01713326735785,0.2162286028792182,0.0016475254693379398
2729.7588430595824,-16.63916494172852,-20.561504269604526,0.20594229062255742,-0.00873349933342184
2731.7588430595824,-16.366886345016468,-20.138103573447818,0.19713302625892215,-0.010683427023809597
2733.7588430595824,-16.18973682214192,-19.81209478908602,0.1963102053917467,0.00423194171783409
2735.7588430595824,-15.966272761724126,-19.440069057286472,0.18032904774410952,0.002773814588657773
2737.7588430595824,-15.664592413771134,-18.991022626470553,0.1886012055763051,-0.00790776383192194
2739.7588430595824,-15.511911317381415,-18.695471191494942,0.20809157287508162,0.010295162300374146
2741.7588430595824,-15.26210210681916,-18.30328514447558,0.21450283301685236,0.019895428703634862
2743.7588430595824,-14.87558913271492,-17.77533647428582,0.2464807174096144,0.007527252024178821
2745.7588430595824,-14.510441982356443,-17.274999962335734,0.2557605097625606,-0.0005959700944963671
2747.7588430595824,-14.093742204819215,-16.723625452218027,0.25601585152690665,-0.0031420315984722084
2749.7588430595824,-13.761469755268301,-16.257201066375096,0.24337033134153985,-0.005081607199088007
2751.7588430595824,-13.35740582209843,-15.727209662070566,0.20628065856615097,-0.020114239471412006
2753.7588430595824,-13.0832624263866,-15.328037311603415,0.18600526277127738,-0.021991719592084364
2755.7588430595824,-12.95314424507624,-15.073380183688819,0.16641343873473713,0.0014186955942978034
2757.7588430595824,-12.76539321957346,-14.769158964204877,0.16533496922859436,0.01229992059631581
2759.7588430595824,-12.506766377591703,-14.395902152192669,0.18952961537163815,0.00956032361807449
2761.7588430595824,-12.230302893123241,-14.00535755777466,0.22298080578317014,0.014890957378404578
2763.7588430595824,-11.88797502866014,-13.557143260715714,0.22953457704003366,0.009186912287071781
2765.7588430595824,-11.419256997074875,-12.985312517939516,0.20992967343979263,-0.02112878278175304
2767.7588430595824,-11.096327718128318,-12.5596255358724,0.1773745669714495,-0.034367833613847515
2769.7588430595824,-10.957770172586397,-12.32592017025632,0.1259846712990611,-0.018978085462064857
2771.7588430595824,-10.861370424007033,-12.138146724944118,0.08601251668008159,-0.009572172208941604
2773.7588430595824,-10.791625512192955,-11.977435147547027,0.07822273712733208,-0.004408733227058238
2775.7588430595824,-10.770042559225386,-11.871525402431747,0.09567600739044124,0.01431335480752078
2777.7588430595824,-10.678533769284597,-11.700138273237663,0.11664113911846408,0.023183727340837967
2779.7588430595824,-10.4305873502631,-11.372738665820588,0.1353991102521197,0.005207359574379424
2781.7588430595824,-10.175686130446515,-11.044306034599314,0.15942371286163426,-0.0021834067748116473
2783.7588430595824,-9.988014718746978,-10.788332520414789,0.18025862831089157,0.016278714638360916
2785.7588430595824,-9.692284847132157,-10.424748570344589,0.19527319739336213,0.01908969078725816
2787.7588430595824,-9.261153703113067,-9.930669639333455,0.18885524214739413,-0.01212576672072324
2789.7588430595824,-8.86979603400118,-9.482120455452417,0.13680966531777927,-0.04806786552439714
2791.7588430595824,-8.721944281546794,-9.277490583235636,0.06579433000023793,-0.04843536952937708
2793.7588430595824,-8.827531583280416,-9.330271247802354,0.01106937340283043,-0.013443993219696884
2795.7588430595824,-8.948353913831157,-9.404314999331552,-5.557800202504737e-05,0.015825262937652653
2797.7588430595824,-8.98406595885646,-9.393565468229774,0.017398303254517744,0.016603389817255936
2799.7588430595824,-8.911859424863593,-9.277935207251836,0.045049541018219674,0.006706869148250722
2801.7588430595824,-8.862325884289998,-9.191084821766212,0.0731514529128916,0.011175820759941755
2803.7588430595824,-8.75221339767152,-9.043918671185795,0.08279327215474952,0.012020758989768668
2805.7588430595824,-8.551386985906298,-8.808353844926641,0.07977161471634786,-0.007880226354496285
2807.7588430595824,-8.387407952022821,-8.61558903001384,0.06822077988649045,-0.019295951388375407
2809.7588430595824,-8.353340939897743,-8.55291190403543,0.06391700004217449,2.8085126282067532e-05
2811.7588430595824,-8.325538275954148,-8.498152432093871,0.05316283882677397,0.011851565294110912
2813.7588430595824,-8.145843457871226,-8.297017844589245,0.024880830981365065,-0.019528205562037014
2815.7588430595824,-8.060428960995559,-8.190286319399648,-0.01899832725563866,-0.047956461520275856
2817.7588430595824,-8.247833354511597,-8.353865256184509,-0.07576678351804111,-0.030514332458421653
2819.7588430595824,-8.580930100271814,-8.65013905013898,-0.09884454256943731,0.007942633996116572
2821.7588430595824,-8.867948840209852,-8.903152112733574,-0.07683802124286165,0.029975984011995204
2823.7588430595824,-8.973506439748881,-8.981042659955147,-0.03037082038701122,0.026141364023463967
2825.7588430595824,-8.961412693387897,-8.968569426127402,0.008056625069730705,0.012204288433776139
2827.7588430595824,-8.888621319859508,-8.89310561323507,0.0226151769329479,0.0003152157716709987
2829.7588430595824,-8.838699112175728,-8.838699112175728,0.03419027147809173,0.0008598383606706307
2831.7588430595824,-8.800121244491564,-8.800121244491564,0.06525867868617263,0.020872814957395736
2833.7588430595824,-8.695047254302668,-8.695047254302668,0.12106754468187841,0.04165804722157864
2835.7588430595824,-8.370963013378358,-8.371036183745689,0.1840209216462233,0.036504929510616534
2837.7588430595824,-7.867882439828101,-7.870158754720701,0.23192721554383544,0.011881133898779248
2839.7588430595824,-7.323514964993949,-7.327953871321777,0.2319342793109248,-0.013328345497284497
2841.7588430595824,-6.833060073207739,-6.839629529951985,0.19426413890249705,-0.02997155130078224
2843.7588430595824,-6.510548403031513,-6.515561949258291,0.15214054246390762,-0.024619016495701907
2845.7588430595824,-6.312583022160916,-6.316045643500725,0.11128999632199377,-0.009623645226901935
2847.7588430595824,-6.108898291945593,-6.110829531610516,0.06513104991104524,-0.01791193140237732
2849.7588430595824,-5.947951511145272,-5.949309559376035,0.014581690927467972,-0.038538872865675346
2851.7588430595824,-5.993679485918981,-5.994513549969929,-0.04864631020339272,-0.03872510917802067
2853.7588430595824,-6.1990713047751145,-6.199392116080981,-0.11218576844846917,-0.02437103223281825
2855.7588430595824,-6.499804419841418,-6.500000013237658,-0.15025105722084464,-0.011546521518449253
2857.7588430595824,-6.846691663068191,-6.846795706963788,-0.15850468587308508,0.0016119776020491257
2859.7588430595824,-7.1965063899675155,-7.196522007736686,-0.13114390803301412,0.02095049531225261
2861.7588430595824,-7.467425153348704,-7.4674296030656615,-0.0559635978096471,0.049365343840834595
2863.7588430595824,-7.549148986291659,-7.549151277501771,0.0402048475243324,0.06402578000141818
2865.7588430595824,-7.294504226662728,-7.294504489440965,0.10368812344198164,0.029747403760028327
2867.7588430595824,-6.874883227542027,-6.874883227542027,0.09908998961857174,-0.03423308278063851
2869.7588430595824,-6.637924615529808,-6.637924615529808,0.01800381165224174,-0.07303506545923917
2871.7588430595824,-6.756431360553197,-6.756431360553197,-0.09291169399931798,-0.06047752682463053
2873.7588430595824,-7.150473996223031,-7.150473996223031,-0.14967847408282742,-0.010418492416693277
2875.7588430595824,-7.6181767795365705,-7.6181767795365705,-0.12820941795356955,0.042559793039996116
2877.7588430595824,-7.835352408192428,-7.835352408192428,-0.061193913953832,0.05470527516513077
2879.7588430595824,-7.7821067041817535,-7.7821067041817535,0.025524742620815166,0.03322114062176706
2881.7588430595824,-7.640025307853687,-7.640025307853687,0.09512558065258547,0.022836239184422322
2883.7588430595824,-7.413978838570049,-7.413978838570049,0.14385512320719585,0.025127561050311966
